Corey Perry;$8,625,000;Ducks;2021
Ryan Getzlaf;$8,250,000;Ducks;2021
Saku Koivu;$3,500,000;Ducks;2021
Andrew Cogliano;$2,390,000;Ducks;2021
Dustin Penner;$2,000,000;Ducks;2021
Daniel Winnik;$1,800,000;Ducks;2021
Kyle Palmieri;$1,466,667;Ducks;2021
Matt Beleskey;$1,350,000;Ducks;2021
Peter Holland;$1,295,000;Ducks;2021
J. Silfverberg;$900,000;Ducks;2021
Devante Smith-Pelly;$870,000;Ducks;2021
Emerson Etem;$870,000;Ducks;2021
Nick Bonino;$700,000;Ducks;2021
Brad Staubitz;$637,500;Ducks;2021
Patrick Maroon;$575,000;Ducks;2021
Teemu Selanne;Not signed;Ducks;2021
Matthew Lombardi;Not signed;Ducks;2021
David Steckel;Not signed;Ducks;2021
Radek Dvorak;Not signed;Ducks;2021
Cam Fowler;$4,000,000;Ducks;Defensemen
Sheldon Souray;$3,666,667;Ducks;Defensemen
Francois Beauchemin;$3,500,000;Ducks;Defensemen
Bryan Allen;$3,500,000;Ducks;Defensemen
Luca Sbisa;$2,175,000;Ducks;Defensemen
Sami Vatanen;$1,325,000;Ducks;Defensemen
Ben Lovejoy;$1,100,000;Ducks;Defensemen
Mark Fistric;$900,000;Ducks;Defensemen
Toni Lydman;Not signed;Ducks;Defensemen
Jonas Hiller;$4,500,000;Ducks;Goaltenders
Viktor Fasth;$2,900,000;Ducks;Goaltenders
F. Andersen;$1,775,000;Ducks;Non-Roster Players
Hampus Lindholm;$1,744,167;Ducks;Non-Roster Players
A. Laganiere;$1,350,000;Ducks;Non-Roster Players
Stefan Noesen;$1,075,833;Ducks;Non-Roster Players
Max Friberg;$925,000;Ducks;Non-Roster Players
J. Cramarossa;$925,000;Ducks;Non-Roster Players
Charles Sarault;$925,000;Ducks;Non-Roster Players
Kevin Gagne;$925,000;Ducks;Non-Roster Players
Steven Whitney;$925,000;Ducks;Non-Roster Players
Chris Wagner;$900,000;Ducks;Non-Roster Players
John Gibson;$894,167;Ducks;Non-Roster Players
Rickard Rakell;$894,167;Ducks;Non-Roster Players
Igor Bobkov;$870,000;Ducks;Non-Roster Players
William Karlsson;$830,833;Ducks;Non-Roster Players
Stefan Warg;$717,500;Ducks;Non-Roster Players
Tim Heed;$716,667;Ducks;Non-Roster Players
Andrew O'Brien;$618,333;Ducks;Non-Roster Players
Zack Stortini;$600,000;Ducks;Non-Roster Players
Nolan Yonkman;$600,000;Ducks;Non-Roster Players
John Kurtz;$570,000;Ducks;Non-Roster Players
Alex Grant;$550,000;Ducks;Non-Roster Players
Mat Clark;$550,000;Ducks;Non-Roster Players
John Mitchell;$542,500;Ducks;Non-Roster Players
Marco Cousineau;Not signed;Ducks;Non-Roster Players
Ryan Parent;Not signed;Ducks;Non-Roster Players
Matt Kennedy;Not signed;Ducks;Non-Roster Players
Milan Lucic;$6,000,000;Bruins;Forwards
Jarome Iginla;$6,000,000;Bruins;Forwards
David Krejci;$5,250,000;Bruins;Forwards
Patrice Bergeron;$5,000,000;Bruins;2022
Brad Marchand;$4,500,000;Bruins;2022
Loui Eriksson;$4,250,000;Bruins;2022
Marc Savard;$4,027,143;Bruins;2022
Chris Kelly;$3,000,000;Bruins;2022
Gregory Campbell;$1,600,000;Bruins;2022
Daniel Paille;$1,300,000;Bruins;2022
Shawn Thornton;$1,100,000;Bruins;2022
Carl Soderberg;$1,008,333;Bruins;2022
Jordan Caron;$640,000;Bruins;2022
Kaspars Daugavins;Not signed;Bruins;2022
Jay Pandolfo;Not signed;Bruins;2022
Zdeno Chara;$6,916,667;Bruins;Defensemen
Johnny Boychuk;$3,366,667;Bruins;Defensemen
Dennis Seidenberg;$3,250,000;Bruins;Defensemen
Torey Krug;$1,704,167;Bruins;Defensemen
Adam McQuaid;$1,566,667;Bruins;Defensemen
Dougie Hamilton;$1,494,167;Bruins;Defensemen
Matt Bartkowski;$650,000;Bruins;Defensemen
Wade Redden;Not signed;Bruins;Defensemen
Tuukka Rask;$7,000,000;Bruins;2021
Chad Johnson;$600,000;Bruins;2021
Malcolm Subban;$1,494,167;Bruins;Non-Roster Players
Niklas Svedberg;$1,000,000;Bruins;Non-Roster Players
Chris Casto;$925,000;Bruins;Non-Roster Players
Matt Lindblad;$925,000;Bruins;Non-Roster Players
Seth Griffith;$925,000;Bruins;Non-Roster Players
Anthony Camara;$925,000;Bruins;Non-Roster Players
Zach Trotman;$900,000;Bruins;Non-Roster Players
Justin Florek;$900,000;Bruins;Non-Roster Players
Reilly Smith;$900,000;Bruins;Non-Roster Players
A. Fallstrom;$900,000;Bruins;Non-Roster Players
A. Khokhlachev;$894,167;Bruins;Non-Roster Players
David Warsofsky;$875,000;Bruins;Non-Roster Players
Tommy Cross;$875,000;Bruins;Non-Roster Players
Jared Knight;$870,000;Bruins;Non-Roster Players
Ryan Spooner;$870,000;Bruins;Non-Roster Players
Joe Morrow;$863,333;Bruins;Non-Roster Players
Adam Morrison;$700,000;Bruins;Non-Roster Players
Craig Cunningham;$651,667;Bruins;Non-Roster Players
Matt Fraser;$625,000;Bruins;Non-Roster Players
Tyler Randell;$603,333;Bruins;Non-Roster Players
Nick Johnson;$600,000;Bruins;Non-Roster Players
Bobby Robins;$600,000;Bruins;Non-Roster Players
Rob Flick;$599,167;Bruins;Non-Roster Players
Mike Moore;$550,000;Bruins;Non-Roster Players
Chris Bourque;$550,000;Bruins;Non-Roster Players
Carter Camper;$550,000;Bruins;Non-Roster Players
Kevan Miller;$550,000;Bruins;Non-Roster Players
Garnet Exelby;Not signed;Bruins;Non-Roster Players
Thomas Vanek;$7,142,857;Sabres;Forwards
Ville Leino;$4,500,000;Sabres;Forwards
Drew Stafford;$4,000,000;Sabres;Forwards
Steve Ott;$2,950,000;Sabres;Forwards
Tyler Ennis;$2,812,500;Sabres;Forwards
M. Grigorenko;$1,775,000;Sabres;Forwards
Patrick Kaleta;$1,250,000;Sabres;Forwards
Marcus Foligno;$900,000;Sabres;Forwards
John Scott;$750,000;Sabres;Forwards
Brian Flynn;$637,500;Sabres;Forwards
Kevin Porter;$537,500;Sabres;Forwards
Cody Hodgson;Not signed;Sabres;Forwards
Tyler Myers;$5,500,000;Sabres;Defensemen
Christian Ehrhoff;$4,000,000;Sabres;2021
Henrik Tallinder;$3,375,000;Sabres;2021
Jamie McBain;$1,800,000;Sabres;2021
Mike Weber;$1,666,667;Sabres;2021
Chad Ruhwedel;$975,000;Sabres;2021
Mark Pysyk;$870,000;Sabres;2021
Alexander Sulzer;$725,000;Sabres;2021
Ryan Miller;$6,250,000;Sabres;Goaltenders
Jhonas Enroth;$1,250,000;Sabres;Goaltenders
Jason Pominville;$795,000;Sabres;Retained Salary Transactions
R. Ristolainen;$1,775,000;Sabres;Non-Roster Players
Z. Girgensons;$1,369,167;Sabres;Non-Roster Players
Joel Armia;$1,244,167;Sabres;Non-Roster Players
Tim Schaller;$925,000;Sabres;Non-Roster Players
Brayden McNabb;$900,000;Sabres;Non-Roster Players
Kevin Sundher;$878,333;Sabres;Non-Roster Players
Johan Larsson;$870,000;Sabres;Non-Roster Players
J. G.-Leduc;$870,000;Sabres;Non-Roster Players
Daniel Catenacci;$806,667;Sabres;Non-Roster Players
Matt MacKenzie;$762,500;Sabres;Non-Roster Players
Luke Adam;$735,000;Sabres;Non-Roster Players
Matthew Hackett;$715,000;Sabres;Non-Roster Players
Connor Knapp;$712,500;Sabres;Non-Roster Players
Colin Jacobs;$591,667;Sabres;Non-Roster Players
Nathan Lieuwen;$588,333;Sabres;Non-Roster Players
Phil Varone;$586,667;Sabres;Non-Roster Players
Andrey Makarov;$580,556;Sabres;Non-Roster Players
Corey Tropp;$577,500;Sabres;Non-Roster Players
Matt Ellis;$550,000;Sabres;Non-Roster Players
Jamie Tardif;$550,000;Sabres;Non-Roster Players
Drew Bagnall;$550,000;Sabres;Non-Roster Players
Nick Crawford;$550,000;Sabres;Non-Roster Players
Jonathan Parker;$547,500;Sabres;Non-Roster Players
Shawn Szydlowski;$540,833;Sabres;Non-Roster Players
Mike Cammalleri;$6,000,000;Flames;Forwards
Jiri Hudler;$4,000,000;Flames;Forwards
David Jones;$4,000,000;Flames;Forwards
Matt Stajan;$3,500,000;Flames;Forwards
Curtis Glencross;$2,550,000;Flames;Forwards
Lee Stempniak;$2,500,000;Flames;Forwards
Mikael Backlund;$1,500,000;Flames;Forwards
Sven Baertschi;$1,425,417;Flames;Forwards
TJ Galiardi;$1,250,000;Flames;Forwards
Ben Hanowski;$900,000;Flames;Forwards
Roman Horak;$805,000;Flames;Forwards
Brian McGrattan;$750,000;Flames;Forwards
Blair Jones;$650,000;Flames;Forwards
Tim Jackman;$612,500;Flames;Forwards
Steve Begin;Not signed;Flames;Forwards
Dennis Wideman;$5,250,000;Flames;Defensemen
Mark Giordano;$4,020,000;Flames;Defensemen
TJ Brodie;$2,125,000;Flames;Defensemen
Shane O'Brien;$2,000,000;Flames;Defensemen
Chris Butler;$1,700,000;Flames;Defensemen
Kris Russell;$1,500,000;Flames;Defensemen
Derek Smith;$775,000;Flames;Defensemen
Brett Carson;Not signed;Flames;Defensemen
Miikka Kiprusoff;$5,833,333;Flames;Goaltenders
Karri Ramo;$2,750,000;Flames;Goaltenders
Joey MacDonald;$925,000;Flames;Goaltenders
Corban Knight;$3,750,000;Flames;Non-Roster Players
Sean Monahan;$1,775,000;Flames;Non-Roster Players
Reto Berra;$1,381,250;Flames;Non-Roster Players
T. Wotherspoon;$925,000;Flames;Non-Roster Players
Laurent Brossoit;$925,000;Flames;Non-Roster Players
Markus Granlund;$925,000;Flames;Non-Roster Players
Chad Billins;$925,000;Flames;Non-Roster Players
Patrick Sieloff;$925,000;Flames;Non-Roster Players
Josh Jooris;$925,000;Flames;Non-Roster Players
John Ramage;$900,000;Flames;Non-Roster Players
Ryan Howse;$878,333;Flames;Non-Roster Players
Max Reinhart;$878,333;Flames;Non-Roster Players
Joni Ortio;$812,500;Flames;Non-Roster Players
Michael Ferland;$798,056;Flames;Non-Roster Players
Greg Nemisz;$725,000;Flames;Non-Roster Players
Paul Byron;$643,500;Flames;Non-Roster Players
Mark Cundari;$600,000;Flames;Non-Roster Players
James Martin;$587,500;Flames;Non-Roster Players
Lance Bouma;$577,500;Flames;Non-Roster Players
C. Breen;$577,500;Flames;Non-Roster Players
Ben Street;$575,000;Flames;Non-Roster Players
Turner Elson;$565,000;Flames;Non-Roster Players
David Eddy;$545,000;Flames;Non-Roster Players
Carter Bancks;Not signed;Flames;Non-Roster Players
Brady Lamb;Not signed;Flames;Non-Roster Players
Bryan Cameron;Not signed;Flames;Non-Roster Players
Akim Aliu;Not signed;Flames;Non-Roster Players
Krys Kolanos;Not signed;Flames;Non-Roster Players
Eric Staal;$8,250,000;Hurricanes;Forwards
Alexander Semin;$7,000,000;Hurricanes;Forwards
Jordan Staal;$6,000,000;Hurricanes;2023
Jeff Skinner;$5,725,000;Hurricanes;2023
Tuomo Ruutu;$4,750,000;Hurricanes;2023
Jiri Tlusty;$1,600,000;Hurricanes;2023
Patrick Dwyer;$900,000;Hurricanes;2023
Jeremy Welsh;$850,000;Hurricanes;2023
Kevin Westgarth;$725,000;Hurricanes;2023
Drayson Bowman;$600,000;Hurricanes;2023
Jared Staal;$550,000;Hurricanes;2023
Chad Larose;Not signed;Hurricanes;2023
Joni Pitkanen;$4,500,000;Hurricanes;Defensemen
Tim Gleason;$4,000,000;Hurricanes;Defensemen
Andrej Sekera;$2,750,000;Hurricanes;Defensemen
Jay Harrison;$1,500,000;Hurricanes;Defensemen
Justin Faulk;$900,000;Hurricanes;Defensemen
Mike Komisarek;$700,000;Hurricanes;Defensemen
Cam Ward;$6,300,000;Hurricanes;Goaltenders
Anton Khudobin;$800,000;Hurricanes;Goaltenders
Jussi Jokinen;$900,000;Hurricanes;Retained Salary Transactions
Elias Lindholm;$1,775,000;Hurricanes;Non-Roster Players
Ryan Murphy;$1,313,333;Hurricanes;Non-Roster Players
Brock McGinn;$925,000;Hurricanes;Non-Roster Players
Victor Rask;$863,333;Hurricanes;Non-Roster Players
Danny Biega;$801,667;Hurricanes;Non-Roster Players
Keegan Lowe;$795,000;Hurricanes;Non-Roster Players
Brendan Woods;$758,333;Hurricanes;Non-Roster Players
Justin Shugg;$750,000;Hurricanes;Non-Roster Players
Austin Levi;$608,333;Hurricanes;Non-Roster Players
S. Tolchinsky;$608,333;Hurricanes;Non-Roster Players
Brett Sutter;$600,000;Hurricanes;Non-Roster Players
Aaron Palushaj;$600,000;Hurricanes;Non-Roster Players
Brett Bellemore;$600,000;Hurricanes;Non-Roster Players
Rasmus Rissanen;$587,500;Hurricanes;Non-Roster Players
Tommi Kivisto;$577,500;Hurricanes;Non-Roster Players
Brody Sutter;$576,667;Hurricanes;Non-Roster Players
Riley Nash;$575,000;Hurricanes;Non-Roster Players
Beau Schmitz;$558,333;Hurricanes;Non-Roster Players
Nathan Gerbe;$550,000;Hurricanes;Non-Roster Players
Zach Boychuk;$550,000;Hurricanes;Non-Roster Players
Mike Murphy;$550,000;Hurricanes;Non-Roster Players
Matt Corrente;$550,000;Hurricanes;Non-Roster Players
Mark Flood;$550,000;Hurricanes;Non-Roster Players
Zac Dalpe;$550,000;Hurricanes;Non-Roster Players
Michal Jordan;$550,000;Hurricanes;Non-Roster Players
Justin Peters;$537,500;Hurricanes;Non-Roster Players
N. Blanchard;$537,500;Hurricanes;Non-Roster Players
Chris Terry;$537,500;Hurricanes;Non-Roster Players
A.J. Jenks;Not signed;Hurricanes;Non-Roster Players
Joe Sova;Not signed;Hurricanes;Non-Roster Players
Patrick Kane;$6,300,000;Blackhawks;Forwards
Jonathan Toews;$6,300,000;Blackhawks;Forwards
Patrick Sharp;$5,900,000;Blackhawks;Forwards
Marian Hossa;$5,275,000;Blackhawks;2021
Bryan Bickell;$4,000,000;Blackhawks;2021
Marcus Kruger;$1,325,000;Blackhawks;2021
Michal Handzus;$1,000,000;Blackhawks;2021
Brandon Saad;$894,167;Blackhawks;2021
Jeremy Morin;$886,667;Blackhawks;2021
Jimmy Hayes;$875,000;Blackhawks;2021
Andrew Shaw;$577,500;Blackhawks;2021
Brandon Bollig;$575,000;Blackhawks;2021
Jamal Mayers;Not signed;Blackhawks;2021
Brent Seabrook;$5,800,000;Blackhawks;Defensemen
Duncan Keith;$5,538,462;Blackhawks;2023
Niklas Hjalmarsson;$3,500,000;Blackhawks;2023
Johnny Oduya;$3,383,333;Blackhawks;2023
Nick Leddy;$2,700,000;Blackhawks;2023
Michal Rozsival;$2,200,000;Blackhawks;2023
Sheldon Brookbank;$1,250,000;Blackhawks;2023
Corey Crawford;$2,666,667;Blackhawks;Goaltenders
N. Khabibulin;$2,000,000;Blackhawks;Goaltenders
Antti Raanta;$1,400,000;Blackhawks;Non-Roster Players
Mark McNeill;$1,113,333;Blackhawks;Non-Roster Players
Phillip Danault;$963,333;Blackhawks;Non-Roster Players
Terry Broadhurst;$937,500;Blackhawks;Non-Roster Players
Adam Clendening;$925,000;Blackhawks;Non-Roster Players
Teuvo Teravainen;$925,000;Blackhawks;Non-Roster Players
Kent Simpson;$916,667;Blackhawks;Non-Roster Players
Brandon Pirri;$870,000;Blackhawks;Non-Roster Players
Dylan Olsen;$870,000;Blackhawks;Non-Roster Players
Mac Carruth;$766,667;Blackhawks;Non-Roster Players
Klas Dahlbeck;$766,667;Blackhawks;Non-Roster Players
Joakim Nordstrom;$766,667;Blackhawks;Non-Roster Players
Byron Froese;$662,500;Blackhawks;Non-Roster Players
Alex Broadhurst;$643,333;Blackhawks;Non-Roster Players
Garret Ross;$636,667;Blackhawks;Non-Roster Players
Mike Kostka;$625,000;Blackhawks;Non-Roster Players
David Gilbert;$582,500;Blackhawks;Non-Roster Players
Theo Peckham;$575,000;Blackhawks;Non-Roster Players
Drew LeBlanc;$575,000;Blackhawks;Non-Roster Players
Ben Smith;$562,500;Blackhawks;Non-Roster Players
Brad Winchester;$550,000;Blackhawks;Non-Roster Players
Kyle Beach;$550,000;Blackhawks;Non-Roster Players
Ryan Stanton;$550,000;Blackhawks;Non-Roster Players
Shawn Lalonde;Not signed;Blackhawks;Non-Roster Players
Max Sauve;Not signed;Blackhawks;Non-Roster Players
Alec Richards;Not signed;Blackhawks;Non-Roster Players
Paul Stastny;$6,600,000;Avalanche;Forwards
Ryan O'Reilly;$5,000,000;Avalanche;Forwards
PA Parenteau;$4,000,000;Avalanche;Forwards
Nathan MacKinnon;$3,775,000;Avalanche;Forwards
Gabriel Landeskog;$3,575,000;Avalanche;2021
Alex Tanguay;$3,500,000;Avalanche;2021
Matt Duchene;$3,500,000;Avalanche;2021
Steve Downie;$2,650,000;Avalanche;2021
Jamie McGinn;$1,750,000;Avalanche;2021
Cody McLeod;$1,150,000;Avalanche;2021
John Mitchell;$1,100,000;Avalanche;2021
P. Bordeleau;$1,000,000;Avalanche;2021
Mark Olver;$600,000;Avalanche;2021
Tomas Vincour;Not signed;Avalanche;2021
Milan Hejduk;Not signed;Avalanche;2021
Chuck Kobasew;Not signed;Avalanche;2021
Erik Johnson;$3,750,000;Avalanche;Defensemen
Jan Hejda;$3,250,000;Avalanche;Defensemen
Ryan Wilson;$2,250,000;Avalanche;Defensemen
Cory Sarich;$2,000,000;Avalanche;Defensemen
Matt Hunwick;$1,600,000;Avalanche;Defensemen
Andre Benoit;$900,000;Avalanche;Defensemen
Stefan Elliott;$900,000;Avalanche;Defensemen
Tyson Barrie;$900,000;Avalanche;Defensemen
Semyon Varlamov;$2,833,333;Avalanche;Goaltenders
J. Giguere;$1,500,000;Avalanche;Goaltenders
Duncan Siemens;$1,388,333;Avalanche;Non-Roster Players
Joey Hishon;$1,200,000;Avalanche;Non-Roster Players
Mitchell Heard;$925,000;Avalanche;Non-Roster Players
Sami Aittokallio;$900,000;Avalanche;Non-Roster Players
Paul Carey;$875,000;Avalanche;Non-Roster Players
Kent Patterson;$875,000;Avalanche;Non-Roster Players
Kieran Millan;$875,000;Avalanche;Non-Roster Players
Calvin Pickard;$870,000;Avalanche;Non-Roster Players
JT Wyman;$750,000;Avalanche;Non-Roster Players
Brad Malone;$735,000;Avalanche;Non-Roster Players
Garrett Meurs;$636,667;Avalanche;Non-Roster Players
Colin Smith;$628,333;Avalanche;Non-Roster Players
D. Van Der Gulik;$600,000;Avalanche;Non-Roster Players
Nick Holden;$600,000;Avalanche;Non-Roster Players
Nate Guenin;$600,000;Avalanche;Non-Roster Players
G. Desbiens;$600,000;Avalanche;Non-Roster Players
Trevor Cheek;$598,333;Avalanche;Non-Roster Players
Gabriel Beaupre;$591,667;Avalanche;Non-Roster Players
Andrew Agozzino;$590,000;Avalanche;Non-Roster Players
Markus Lauridsen;$590,000;Avalanche;Non-Roster Players
M. Sgarbossa;$556,667;Avalanche;Non-Roster Players
Bryan Lerg;$550,000;Avalanche;Non-Roster Players
Karl Stollery;$550,000;Avalanche;Non-Roster Players
Luke Walker;Not signed;Avalanche;Non-Roster Players
Marian Gaborik;$7,500,000;Bluejackets;Forwards
Nathan Horton;$5,300,000;Bluejackets;2020
RJ Umberger;$4,600,000;Bluejackets;2020
Brandon Dubinsky;$4,200,000;Bluejackets;2020
Artem Anisimov;$3,283,333;Bluejackets;2020
Nick Foligno;$3,083,333;Bluejackets;2020
Ryan Johansen;$1,945,000;Bluejackets;2020
Mark Letestu;$1,250,000;Bluejackets;2020
Cam Atkinson;$1,150,000;Bluejackets;2020
Jared Boll;$1,050,000;Bluejackets;2020
Derek MacKenzie;$1,000,000;Bluejackets;2020
Blake Comeau;$1,000,000;Bluejackets;2020
Matt Calvert;$987,500;Bluejackets;2020
Jack Skille;$675,000;Bluejackets;2020
Vinny Prospal;Not signed;Bluejackets;2020
Colton Gillies;Not signed;Bluejackets;2020
James Wisniewski;$5,500,000;Bluejackets;Defensemen
Fedor Tyutin;$4,500,000;Bluejackets;Defensemen
Jack Johnson;$4,357,143;Bluejackets;Defensemen
Ryan Murray;$3,494,167;Bluejackets;Defensemen
Nikita Nikitin;$2,150,000;Bluejackets;Defensemen
Tim Erixon;$1,750,000;Bluejackets;Defensemen
Dalton Prout;$666,667;Bluejackets;Defensemen
Adrian Aucoin;Not signed;Bluejackets;Defensemen
Sergei Bobrovsky;$5,625,000;Bluejackets;Goaltenders
C. McElhinney;$600,000;Bluejackets;Goaltenders
J. A.-Marchessault;$925,000;Bluejackets;Non-Roster Players
Ilari Melart;$925,000;Bluejackets;Non-Roster Players
Michael Chaput;$900,000;Bluejackets;Non-Roster Players
Boone Jenner;$894,167;Bluejackets;Non-Roster Players
Will Weber;$875,000;Bluejackets;Non-Roster Players
Dalton Smith;$870,000;Bluejackets;Non-Roster Players
Cody Goloubef;$826,875;Bluejackets;Non-Roster Players
Jake Hansen;$725,000;Bluejackets;Non-Roster Players
Austin Madaisky;$716,667;Bluejackets;Non-Roster Players
David Savard;$709,275;Bluejackets;Non-Roster Players
Oliver Gabriel;$675,556;Bluejackets;Non-Roster Players
Sean Collins;$662,500;Bluejackets;Non-Roster Players
Anton Forsberg;$655,000;Bluejackets;Non-Roster Players
Anton Blomqvist;$636,667;Bluejackets;Non-Roster Players
Spencer Machacek;$632,500;Bluejackets;Non-Roster Players
Lukas Sedlak;$613,333;Bluejackets;Non-Roster Players
Cody Bass;$600,000;Bluejackets;Non-Roster Players
Ryan Craig;$600,000;Bluejackets;Non-Roster Players
Patrick McNeill;$600,000;Bluejackets;Non-Roster Players
Thomas Larkin;$600,000;Bluejackets;Non-Roster Players
Mike McKenna;$595,000;Bluejackets;Non-Roster Players
Blake Parlett;$577,500;Bluejackets;Non-Roster Players
F. S.-Denis;$575,000;Bluejackets;Non-Roster Players
Jeremy Smith;$550,000;Bluejackets;Non-Roster Players
Allen York;Not signed;Bluejackets;Non-Roster Players
Theo Ruth;Not signed;Bluejackets;Non-Roster Players
Patrick Killeen;Not signed;Bluejackets;Non-Roster Players
Tyler Seguin;$5,750,000;Stars;Forwards
Shawn Horcoff;$5,500,000;Stars;Forwards
Jamie Benn;$5,250,000;Stars;Forwards
Ray Whitney;$4,500,000;Stars;Forwards
Erik Cole;$4,500,000;Stars;Forwards
Rich Peverley;$3,250,000;Stars;Forwards
V. Nichushkin;$2,125,000;Stars;Forwards
Vernon Fiddler;$1,800,000;Stars;Forwards
Alex Chiasson;$900,000;Stars;Forwards
Lane MacDermid;$660,000;Stars;Forwards
Cody Eakin;$637,778;Stars;Forwards
Antoine Roussel;$612,500;Stars;Forwards
Chris Mueller;$600,000;Stars;Forwards
Ryan Garbutt;$575,000;Stars;Forwards
Sergei Gonchar;$5,000,000;Stars;Defensemen
Alex Goligoski;$4,600,000;Stars;Defensemen
Stephane Robidas;$3,300,000;Stars;Defensemen
Trevor Daley;$3,300,000;Stars;Defensemen
Aaron Rome;$1,500,000;Stars;Defensemen
Brenden Dillon;$900,000;Stars;Defensemen
Jordie Benn;$700,000;Stars;Defensemen
Kari Lehtonen;$5,900,000;Stars;Goaltenders
Dan Ellis;$900,000;Stars;Goaltenders
Scott Glennie;$1,620,000;Stars;Non-Roster Players
Jamie Oleksiak;$1,369,167;Stars;Non-Roster Players
Radek Faksa;$1,369,167;Stars;Non-Roster Players
Jack Campbell;$1,340,000;Stars;Non-Roster Players
Taylor Peters;$925,000;Stars;Non-Roster Players
Brett Ritchie;$894,167;Stars;Non-Roster Players
Ludvig Bystrom;$894,167;Stars;Non-Roster Players
Emil Molin;$879,167;Stars;Non-Roster Players
Austin Smith;$875,000;Stars;Non-Roster Players
Patrik Nemeth;$870,000;Stars;Non-Roster Players
John Klingberg;$870,000;Stars;Non-Roster Players
Jyrki Jokipakka;$750,000;Stars;Non-Roster Players
Matej Stransky;$733,333;Stars;Non-Roster Players
Troy Vance;$733,333;Stars;Non-Roster Players
C. Nilstorp;$725,000;Stars;Non-Roster Players
Curtis McKenzie;$700,000;Stars;Non-Roster Players
Kevin Connauton;$683,333;Stars;Non-Roster Players
Toby Petersen;$675,000;Stars;Non-Roster Players
Cameron Gaunce;$650,000;Stars;Non-Roster Players
Ryan Button;$636,667;Stars;Non-Roster Players
Luke Gazdic;$635,000;Stars;Non-Roster Players
Colton Sceviour;$600,000;Stars;Non-Roster Players
Maxime Lagace;$598,333;Stars;Non-Roster Players
Francis Wathier;$575,000;Stars;Non-Roster Players
Travis Morin;$550,000;Stars;Non-Roster Players
Hubert Labrie;$544,167;Stars;Non-Roster Players
Tristan King;$543,056;Stars;Non-Roster Players
Tyler Sloan;Not signed;Stars;Non-Roster Players
Carl Sneep;Not signed;Stars;Non-Roster Players
Pavel Datsyuk;$6,700,000;Redwings;Forwards
Henrik Zetterberg;$6,083,333;Redwings;2021
Daniel Alfredsson;$5,500,000;Redwings;2021
Stephen Weiss;$4,900,000;Redwings;2021
Johan Franzen;$3,954,545;Redwings;2020
Mikael Samuelsson;$3,000,000;Redwings;2020
Darren Helm;$2,125,000;Redwings;2020
Todd Bertuzzi;$2,075,000;Redwings;2020
Jordin Tootoo;$1,900,000;Redwings;2020
Justin Abdelkader;$1,800,000;Redwings;2020
Drew Miller;$1,350,000;Redwings;2020
Patrick Eaves;$1,200,000;Redwings;2020
Gustav Nyquist;$950,000;Redwings;2020
Tomas Tatar;$840,000;Redwings;2020
Joakim Andersson;$732,500;Redwings;2020
Cory Emmerton;$533,333;Redwings;2020
Danny Cleary;Not signed;Redwings;2020
Damien Brunner;Not signed;Redwings;2020
Niklas Kronwall;$4,750,000;Redwings;Defensemen
Kyle Quincey;$3,775,000;Redwings;Defensemen
Jonathan Ericsson;$3,250,000;Redwings;Defensemen
Jakub Kindl;$2,400,000;Redwings;Defensemen
Danny DeKeyser;$1,350,000;Redwings;Defensemen
Brendan Smith;$1,262,500;Redwings;Defensemen
Brian Lashoff;$725,000;Redwings;Defensemen
Ian White;Not signed;Redwings;Defensemen
Jimmy Howard;$5,291,667;Redwings;Goaltenders
Jonas Gustavsson;$1,500,000;Redwings;Goaltenders
Marek Tvrdon;$927,500;Redwings;Non-Roster Players
Tomas Jurco;$925,000;Redwings;Non-Roster Players
Jared Coreau;$925,000;Redwings;Non-Roster Players
Ryan Sproul;$902,500;Redwings;Non-Roster Players
Riley Sheahan;$900,000;Redwings;Non-Roster Players
Calle Jarnkrok;$900,000;Redwings;Non-Roster Players
Teemu Pulkkinen;$900,000;Redwings;Non-Roster Players
Xavier Ouellet;$894,167;Redwings;Non-Roster Players
Martin Frk;$894,167;Redwings;Non-Roster Players
Gleason Fournier;$890,833;Redwings;Non-Roster Players
Max Nicastro;$887,500;Redwings;Non-Roster Players
Landon Ferraro;$870,000;Redwings;Non-Roster Players
Louis-Marc Aubry;$856,667;Redwings;Non-Roster Players
Petr Mrazek;$790,000;Redwings;Non-Roster Players
Nick Jensen;$765,000;Redwings;Non-Roster Players
Mattias Backman;$717,500;Redwings;Non-Roster Players
Adam Almquist;$694,167;Redwings;Non-Roster Players
Alexei Marchenko;$666,667;Redwings;Non-Roster Players
Richard Nedomlel;$611,667;Redwings;Non-Roster Players
Andrej Nestrasil;$597,500;Redwings;Non-Roster Players
Luke Glendening;$575,000;Redwings;Non-Roster Players
M. Callahan;$565,278;Redwings;Non-Roster Players
Trevor Parkes;$554,167;Redwings;Non-Roster Players
Willie Coetzee;$543,611;Redwings;Non-Roster Players
Thomas McCollum;Not signed;Redwings;Non-Roster Players
Jordan Pearce;Not signed;Redwings;Non-Roster Players
Jordan Eberle;$6,000,000;Oilers;Forwards
Taylor Hall;$6,000,000;Oilers;2020
Ales Hemsky;$5,000,000;Oilers;2020
Sam Gagner;$4,800,000;Oilers;2020
David Perron;$3,812,500;Oilers;2020
Ryan Nugent-Hopkins;$3,775,000;Oilers;2020
Nail Yakupov;$3,775,000;Oilers;2020
Boyd Gordon;$3,000,000;Oilers;2020
Ryan Smyth;$2,250,000;Oilers;2020
Ryan Jones;$1,500,000;Oilers;2020
Jesse Joensuu;$950,000;Oilers;2020
Anton Lander;$900,000;Oilers;2020
Mike Brown;$736,667;Oilers;2020
Jerred Smithson;Not signed;Oilers;2020
Justin Schultz;$3,775,000;Oilers;Defensemen
Ladislav Smid;$3,500,000;Oilers;Defensemen
Nick Schultz;$3,500,000;Oilers;Defensemen
Andrew Ference;$3,250,000;Oilers;Defensemen
Jeff Petry;$1,750,000;Oilers;Defensemen
Anton Belov;$1,525,000;Oilers;Defensemen
Denis Grebeshkov;$1,500,000;Oilers;Defensemen
Philip Larsen;$1,025,000;Oilers;Defensemen
Corey Potter;$775,000;Oilers;Defensemen
Ryan Whitney;Not signed;Oilers;Defensemen
Devan Dubnyk;$3,500,000;Oilers;Goaltenders
Jason Labarbera;$1,000,000;Oilers;Goaltenders
Darnell Nurse;$1,775,000;Oilers;Non-Roster Players
Oscar Klefbom;$1,244,167;Oilers;Non-Roster Players
Martin Gernat;$925,000;Oilers;Non-Roster Players
Andrew Miller;$925,000;Oilers;Non-Roster Players
Jujhar Khaira;$905,833;Oilers;Non-Roster Players
Tyler Pitlick;$900,000;Oilers;Non-Roster Players
Curtis Hamilton;$900,000;Oilers;Non-Roster Players
Ryan Martindale;$900,000;Oilers;Non-Roster Players
David Musil;$894,167;Oilers;Non-Roster Players
Martin Marincin;$870,000;Oilers;Non-Roster Players
Toni Rajala;$816,667;Oilers;Non-Roster Players
Travis Ewanyk;$723,333;Oilers;Non-Roster Players
Kale Kessy;$716,667;Oilers;Non-Roster Players
Olivier Roy;$700,000;Oilers;Non-Roster Players
Tyler Bunz;$683,333;Oilers;Non-Roster Players
Will Acton;$680,000;Oilers;Non-Roster Players
Taylor Fedun;$675,000;Oilers;Non-Roster Players
Brandon Davidson;$650,000;Oilers;Non-Roster Players
Richard Bachman;$625,000;Oilers;Non-Roster Players
Ryan Hamilton;$600,000;Oilers;Non-Roster Players
Mark Arcobello;$600,000;Oilers;Non-Roster Players
Frans Tuohimaa;$597,500;Oilers;Non-Roster Players
Cameron Abney;$588,333;Oilers;Non-Roster Players
Brad Hunt;$550,000;Oilers;Non-Roster Players
Antti Tyrvainen;Not signed;Oilers;Non-Roster Players
Colten Teubert;Not signed;Oilers;Non-Roster Players
Darcy Hordichuk;Not signed;Oilers;Non-Roster Players
Chris VandeVelde;Not signed;Oilers;Non-Roster Players
Tanner House;Not signed;Oilers;Non-Roster Players
Tomas Fleischmann;$4,500,000;Panthers;Forwards
Kris Versteeg;$4,400,000;Panthers;Forwards
A. Barkov;$3,575,000;Panthers;Forwards
Scottie Upshall;$3,500,000;Panthers;Forwards
J. Huberdeau;$3,194,167;Panthers;Forwards
Tomas Kopecky;$3,000,000;Panthers;Forwards
Sean Bergenheim;$2,750,000;Panthers;Forwards
Shawn Matthias;$1,750,000;Panthers;Forwards
Marcel Goc;$1,700,000;Panthers;Forwards
Drew Shore;$1,100,000;Panthers;Forwards
Nick Bjugstad;$1,100,000;Panthers;Forwards
Quinton Howden;$1,070,000;Panthers;Forwards
Scott Gomez;$900,000;Panthers;Forwards
Joey Crabb;$600,000;Panthers;Forwards
Bobby Butler;$600,000;Panthers;Forwards
Peter Mueller;Not signed;Panthers;Forwards
Brian Campbell;$7,142,875;Panthers;Defensemen
Ed Jovanovski;$4,125,000;Panthers;Defensemen
Erik Gudbranson;$3,200,000;Panthers;Defensemen
Dmitry Kulikov;$2,500,000;Panthers;Defensemen
Mike Weaver;$1,100,000;Panthers;Defensemen
Matt Gilroy;$700,000;Panthers;Defensemen
Mike Mottau;$700,000;Panthers;Defensemen
Scott Clemmensen;$1,200,000;Panthers;Goaltenders
Jacob Markstrom;$1,200,000;Panthers;Goaltenders
Jose Theodore;Not signed;Panthers;Goaltenders
Jonathan Racine;$908,333;Panthers;Non-Roster Players
Logan Shaw;$908,333;Panthers;Non-Roster Players
Jonathan Hazen;$900,000;Panthers;Non-Roster Players
Vincent Trocheck;$894,167;Panthers;Non-Roster Players
John McFarland;$886,667;Panthers;Non-Roster Players
Alex Petrovic;$870,000;Panthers;Non-Roster Players
Garrett Wilson;$800,000;Panthers;Non-Roster Players
Anthony Luciani;$705,000;Panthers;Non-Roster Players
Jon Matsumoto;$700,000;Panthers;Non-Roster Players
Colby Robak;$675,000;Panthers;Non-Roster Players
Michael Caruso;$650,000;Panthers;Non-Roster Players
Steve Pinizzotto;$650,000;Panthers;Non-Roster Players
Jesse Winchester;$600,000;Panthers;Non-Roster Players
Eric Selleck;$600,000;Panthers;Non-Roster Players
Scott Timmins;$600,000;Panthers;Non-Roster Players
Greg Rallo;$600,000;Panthers;Non-Roster Players
Michael Houser;$585,000;Panthers;Non-Roster Players
Josh McFadden;$580,000;Panthers;Non-Roster Players
M. Lindstrom;$573,333;Panthers;Non-Roster Players
P. Lefebvre;$546,389;Panthers;Non-Roster Players
Andre Deveaux;Not signed;Panthers;Non-Roster Players
Brian Foster;Not signed;Panthers;Non-Roster Players
Anze Kopitar;$6,800,000;Kings;Forwards
Mike Richards;$5,750,000;Kings;2020
Jeff Carter;$5,272,727;Kings;2022
Justin Williams;$3,650,000;Kings;2022
Jarret Stoll;$3,250,000;Kings;2022
Dustin Brown;$3,175,000;Kings;2022
Trevor Lewis;$1,325,000;Kings;2022
Kyle Clifford;$1,075,000;Kings;2022
Colin Fraser;$825,000;Kings;2022
Daniel Carcillo;$825,000;Kings;2022
Dwight King;$750,000;Kings;2022
Jordan Nolan;$700,000;Kings;2022
Matt Frattin;$487,500;Kings;2022
Drew Doughty;$7,000,000;Kings;Defensemen
Slava Voynov;$4,166,667;Kings;Defensemen
Willie Mitchell;$3,500,000;Kings;Defensemen
Robyn Regehr;$3,000,000;Kings;Defensemen
Matt Greene;$2,950,000;Kings;Defensemen
Alec Martinez;$1,100,000;Kings;Defensemen
Jake Muzzin;$1,000,000;Kings;Defensemen
Keaton Ellerby;$735,000;Kings;Defensemen
Jeff Schultz;$700,000;Kings;Defensemen
Jonathan Quick;$5,800,000;Kings;2023
Ben Scrivens;$550,000;Kings;2023
Tanner Pearson;$925,000;Kings;Non-Roster Players
Nick Shore;$925,000;Kings;Non-Roster Players
Linden Vey;$900,000;Kings;Non-Roster Players
Derek Forbort;$900,000;Kings;Non-Roster Players
Tyler Toffoli;$870,000;Kings;Non-Roster Players
Jordan Weal;$870,000;Kings;Non-Roster Players
N. DesLauriers;$716,667;Kings;Non-Roster Players
Andy Andreoff;$612,500;Kings;Non-Roster Players
Brian O'Neill;$605,000;Kings;Non-Roster Players
Maxim Kitsyn;$602,500;Kings;Non-Roster Players
Colin Miller;$602,500;Kings;Non-Roster Players
Kurtis MacDermid;$579,444;Kings;Non-Roster Players
Robert Czarnik;$569,167;Kings;Non-Roster Players
Alex Roach;$567,222;Kings;Non-Roster Players
J. Berube;$552,500;Kings;Non-Roster Players
A. Bodnarchuk;$550,000;Kings;Non-Roster Players
Brandon Kozun;$550,000;Kings;Non-Roster Players
M. Cliche;$537,500;Kings;Non-Roster Players
Andrew Campbell;$537,500;Kings;Non-Roster Players
Martin Jones;Not signed;Kings;Non-Roster Players
Anthony Stewart;Not signed;Kings;Non-Roster Players
Stefan Legein;Not signed;Kings;Non-Roster Players
David Meckler;Not signed;Kings;Non-Roster Players
Zach Parise;$7,538,462;Wild;2025
Dany Heatley;$7,500,000;Wild;2025
Mikko Koivu;$6,750,000;Wild;2025
Jason Pominville;$4,505,000;Wild;2025
Kyle Brodziak;$2,833,333;Wild;2025
Nino Niederreiter;$2,795,000;Wild;2025
Matt Cooke;$2,500,000;Wild;2025
Mikael Granlund;$2,100,000;Wild;2025
Torrey Mitchell;$1,900,000;Wild;2025
Mike Rupp;$1,500,000;Wild;2025
Charlie Coyle;$975,000;Wild;2025
Zenon Konopka;$925,000;Wild;2025
Jake Dowell;$700,000;Wild;2025
Ryan Suter;$7,538,462;Wild;2025
Jared Spurgeon;$2,666,667;Wild;2025
Keith Ballard;$1,500,000;Wild;2025
Jonas Brodin;$1,444,167;Wild;2025
Clayton Stoner;$1,050,000;Wild;2025
Marco Scandella;$1,025,000;Wild;2025
Nate Prosser;$825,000;Wild;2025
Brett Clark;Not signed;Wild;2025
Niklas Backstrom;$3,416,667;Wild;Goaltenders
Josh Harding;$1,900,000;Wild;Goaltenders
Erik Haula;$1,750,000;Wild;Non-Roster Players
Mathew Dumba;$1,602,500;Wild;Non-Roster Players
Zack Phillips;$938,333;Wild;Non-Roster Players
Tyler Graovac;$925,000;Wild;Non-Roster Players
Darcy Kuemper;$900,000;Wild;Non-Roster Players
Johan Gustafsson;$900,000;Wild;Non-Roster Players
Brett Bulmer;$870,000;Wild;Non-Roster Players
Jason Zucker;$833,333;Wild;Non-Roster Players
R. Bussieres;$759,167;Wild;Non-Roster Players
Jonathon Blum;$650,000;Wild;Non-Roster Players
Jon Landry;$625,000;Wild;Non-Roster Players
Brian Connelly;$612,500;Wild;Non-Roster Players
Justin Fontaine;$600,000;Wild;Non-Roster Players
S. Veilleux;$587,500;Wild;Non-Roster Players
Kyle Medvec;$577,500;Wild;Non-Roster Players
Tyler Cuma;$575,000;Wild;Non-Roster Players
Carson McMillan;$575,000;Wild;Non-Roster Players
K. Foucault;$565,833;Wild;Non-Roster Players
Chad Rau;$562,500;Wild;Non-Roster Players
Colton Jobke;$551,667;Wild;Non-Roster Players
Josh Caron;$550,833;Wild;Non-Roster Players
Steven Kampfer;$550,000;Wild;Non-Roster Players
Bjorn Krupp;$546,389;Wild;Non-Roster Players
Jarod Palmer;Not signed;Wild;Non-Roster Players
J. D.-Deslauriers;Not signed;Wild;Non-Roster Players
Tomas Plekanec;$5,000,000;Canadiens;Forwards
Brian Gionta;$5,000,000;Canadiens;Forwards
Max Pacioretty;$4,500,000;Canadiens;Forwards
Danny Briere;$4,000,000;Canadiens;Forwards
David Desharnais;$3,500,000;Canadiens;Forwards
Rene Bourque;$3,333,333;Canadiens;Forwards
Alex Galchenyuk;$3,225,000;Canadiens;Forwards
Brandon Prust;$2,500,000;Canadiens;Forwards
Travis Moen;$1,850,000;Canadiens;Forwards
Lars Eller;$1,325,000;Canadiens;Forwards
George Parros;$937,500;Canadiens;Forwards
B. Gallagher;$870,000;Canadiens;Forwards
Ryan White;$700,000;Canadiens;Forwards
Jeff Halpern;Not signed;Canadiens;Forwards
Andrei Markov;$5,750,000;Canadiens;Defensemen
Josh Gorges;$3,900,000;Canadiens;Defensemen
P.K. Subban;$2,875,000;Canadiens;Defensemen
Alexei Emelin;$2,000,000;Canadiens;Defensemen
Francis Bouillon;$1,500,000;Canadiens;Defensemen
Douglas Murray;$1,500,000;Canadiens;Defensemen
Raphael Diaz;$1,225,000;Canadiens;Defensemen
Jarred Tinordi;$1,082,500;Canadiens;Defensemen
Davis Drewiske;$637,500;Canadiens;Defensemen
Carey Price;$6,500,000;Canadiens;Goaltenders
Peter Budaj;$1,400,000;Canadiens;Goaltenders
Nathan Beaulieu;$1,275,000;Canadiens;Non-Roster Players
Louis Leblanc;$1,170,000;Canadiens;Non-Roster Players
Michael McCarron;$1,137,500;Canadiens;Non-Roster Players
Christian Thomas;$970,000;Canadiens;Non-Roster Players
S. Collberg;$925,000;Canadiens;Non-Roster Players
Joonas Nattinen;$900,000;Canadiens;Non-Roster Players
Morgan Ellis;$900,000;Canadiens;Non-Roster Players
Patrick Holland;$900,000;Canadiens;Non-Roster Players
Darren Dietz;$900,000;Canadiens;Non-Roster Players
Greg Pateryn;$875,000;Canadiens;Non-Roster Players
Steve Quailer;$875,000;Canadiens;Non-Roster Players
M. Bournival;$870,000;Canadiens;Non-Roster Players
Magnus Nygren;$858,750;Canadiens;Non-Roster Players
Mike Condon;$680,000;Canadiens;Non-Roster Players
Tim Bozon;$675,833;Canadiens;Non-Roster Players
Charles Hudon;$650,000;Canadiens;Non-Roster Players
Sven Andrighetto;$633,333;Canadiens;Non-Roster Players
Robert Mayer;$620,000;Canadiens;Non-Roster Players
Peter Delmas;$608,333;Canadiens;Non-Roster Players
Stefan Fournier;$583,333;Canadiens;Non-Roster Players
Dustin Tokarski;$575,000;Canadiens;Non-Roster Players
Gabriel Dumont;$562,500;Canadiens;Non-Roster Players
M. St. Pierre;$550,000;Canadiens;Non-Roster Players
Mike Blunden;$550,000;Canadiens;Non-Roster Players
Nick Tarnasky;$550,000;Canadiens;Non-Roster Players
Ian Schultz;Not signed;Canadiens;Non-Roster Players
Joe Stejskal;Not signed;Canadiens;Non-Roster Players
David Legwand;$4,500,000;Predators;Forwards
Patric Hornqvist;$4,250,000;Predators;Forwards
Mike Fisher;$4,200,000;Predators;Forwards
Matt Cullen;$3,500,000;Predators;Forwards
Paul Gaustad;$3,250,000;Predators;Forwards
Viktor Stalberg;$3,000,000;Predators;Forwards
Eric Nystrom;$2,500,000;Predators;Forwards
Colin Wilson;$2,000,000;Predators;Forwards
Craig Smith;$2,000,000;Predators;Forwards
Matt Hendricks;$1,850,000;Predators;Forwards
Nick Spaling;$1,500,000;Predators;Forwards
Taylor Beck;$886,667;Predators;Forwards
Gabriel Bourque;$775,000;Predators;Forwards
Richard Clune;$537,500;Predators;Forwards
Shea Weber;$7,857,143;Predators;2026
Roman Josi;$4,000,000;Predators;2020
Seth Jones;$3,225,000;Predators;2020
Kevin Klein;$2,900,000;Predators;2020
Ryan Ellis;$1,440,000;Predators;2020
Mattias Ekholm;$1,025,000;Predators;2020
Victor Bartley;$666,667;Predators;2020
Pekka Rinne;$7,000,000;Predators;Goaltenders
Filip Forsberg;$1,460,833;Predators;Non-Roster Players
Austin Watson;$1,111,667;Predators;Non-Roster Players
Joonas Jarvinen;$925,000;Predators;Non-Roster Players
Magnus Hellberg;$925,000;Predators;Non-Roster Players
Anthony Bitetto;$912,500;Predators;Non-Roster Players
Zach Budish;$900,000;Predators;Non-Roster Players
C. Roussel;$886,667;Predators;Non-Roster Players
Colton Sissons;$878,333;Predators;Non-Roster Players
Miikka Salomaki;$780,833;Predators;Non-Roster Players
Josh Shalla;$716,667;Predators;Non-Roster Players
Taylor Aronson;$716,667;Predators;Non-Roster Players
Brendan Leipsic;$684,167;Predators;Non-Roster Players
Patrick Cehlin;$666,667;Predators;Non-Roster Players
Joonas Rask;$662,500;Predators;Non-Roster Players
Mikko Vainonen;$623,333;Predators;Non-Roster Players
Marek Mazanec;$610,000;Predators;Non-Roster Players
Scott Valentine;$577,500;Predators;Non-Roster Players
Kevin Henderson;$550,000;Predators;Non-Roster Players
Bryan Rodney;$550,000;Predators;Non-Roster Players
Joe Piskula;$550,000;Predators;Non-Roster Players
Carter Hutton;$550,000;Predators;Non-Roster Players
Mark Van Guilder;$550,000;Predators;Non-Roster Players
Daniel Bang;Not signed;Predators;Non-Roster Players
Juuso Puustinen;Not signed;Predators;Non-Roster Players
Chet Pickard;Not signed;Predators;Non-Roster Players
Jack MacLellan;Not signed;Predators;Non-Roster Players
Ben Ryan;Not signed;Predators;Non-Roster Players
Travis Zajac;$5,750,000;Devils;2021
Patrik Elias;$5,500,000;Devils;2021
Ryane Clowe;$4,850,000;Devils;2021
Adam Henrique;$4,000,000;Devils;2021
Jaromir Jagr;$4,000,000;Devils;2021
Michael Ryder;$3,500,000;Devils;2021
Dainius Zubrus;$3,100,000;Devils;2021
Rostislav Olesz;$1,000,000;Devils;2021
Ryan Carter;$775,000;Devils;2021
Steve Bernier;$775,000;Devils;2021
Krystofer Barch;$750,000;Devils;2021
Andrei Loktionov;$725,000;Devils;2021
Jacob Josefson;$725,000;Devils;2021
Mattias Tedenby;$600,000;Devils;2021
Stephen Gionta;$562,500;Devils;2021
Steve Sullivan;Not signed;Devils;2021
Tom Kostopoulos;Not signed;Devils;2021
Anton Volchenkov;$4,250,000;Devils;Defensemen
Marek Zidlicky;$4,000,000;Devils;Defensemen
Bryce Salvador;$3,166,667;Devils;Defensemen
Andy Greene;$3,000,000;Devils;Defensemen
Mark Fayne;$1,300,000;Devils;Defensemen
Adam Larsson;$925,000;Devils;Defensemen
Peter Harrold;$800,000;Devils;Defensemen
Martin Brodeur;$4,500,000;Devils;Goaltenders
Cory Schneider;$4,000,000;Devils;Goaltenders
Ilya Kovalchuk;$250,000;Devils;2025
Stefan Matteau;$925,000;Devils;Non-Roster Players
Reid Boucher;$925,000;Devils;Non-Roster Players
Damon Severson;$910,833;Devils;Non-Roster Players
Scott Wedgewood;$908,333;Devils;Non-Roster Players
Brandon Burlon;$875,000;Devils;Non-Roster Players
Eric Gelinas;$870,000;Devils;Non-Roster Players
Alexander Urbom;$869,167;Devils;Non-Roster Players
Jon Merrill;$840,000;Devils;Non-Roster Players
David Wohlberg;$762,500;Devils;Non-Roster Players
Reece Scarlett;$693,333;Devils;Non-Roster Players
Raman Hrabarenka;$692,500;Devils;Non-Roster Players
Mike Hoeffel;$660,000;Devils;Non-Roster Players
Seth Helgeson;$595,000;Devils;Non-Roster Players
Riley Boychuk;$581,667;Devils;Non-Roster Players
Maxime Clermont;$572,500;Devils;Non-Roster Players
Joe Whitney;$567,500;Devils;Non-Roster Players
Tim Sestito;$562,500;Devils;Non-Roster Players
Darcy Zajac;$552,500;Devils;Non-Roster Players
Cam Janssen;$550,000;Devils;Non-Roster Players
Rod Pelley;$550,000;Devils;Non-Roster Players
Harry Young;$550,000;Devils;Non-Roster Players
Mike Sislo;$550,000;Devils;Non-Roster Players
Keith Kinkaid;$550,000;Devils;Non-Roster Players
Harri Pesonen;$550,000;Devils;Non-Roster Players
Dan Kelly;Not signed;Devils;Non-Roster Players
J. Berube;Not signed;Devils;Non-Roster Players
Jay Leach;Not signed;Devils;Non-Roster Players
Jeff Frazee;Not signed;Devils;Non-Roster Players
Chad Wiseman;Not signed;Devils;Non-Roster Players
John Tavares;$5,500,000;Islanders;Forwards
Josh Bailey;$3,300,000;Islanders;Forwards
Matt Moulson;$3,133,333;Islanders;Forwards
Michael Grabner;$3,000,000;Islanders;Forwards
Kyle Okposo;$2,800,000;Islanders;Forwards
Cal Clutterbuck;$2,750,000;Islanders;Forwards
Frans Nielsen;$2,750,000;Islanders;Forwards
Pierre-Marc Bouchard;$2,000,000;Islanders;Forwards
Anders Lee;$1,750,000;Islanders;Forwards
Matt Martin;$1,000,000;Islanders;Forwards
Casey Cizikas;$900,000;Islanders;Forwards
Peter Regin;$750,000;Islanders;Forwards
Colin McDonald;$637,500;Islanders;Forwards
Eric Boulton;$550,000;Islanders;Forwards
David Ullstrom;Not signed;Islanders;Forwards
Marty Reasoner;Not signed;Islanders;Forwards
Brad Boyes;Not signed;Islanders;Forwards
Lubomir Visnovsky;$4,750,000;Islanders;Defensemen
Travis Hamonic;$3,857,143;Islanders;2020
Matt Carkner;$1,500,000;Islanders;2020
Brian Strait;$775,000;Islanders;2020
Thomas Hickey;$675,000;Islanders;2020
Andrew MacDonald;$550,000;Islanders;2020
Joe Finley;$537,500;Islanders;2020
Radek Martinek;Not signed;Islanders;2020
Evgeni Nabokov;$3,250,000;Islanders;Goaltenders
Kevin Poulin;$577,500;Islanders;Goaltenders
Tim Thomas;Not signed;Islanders;Goaltenders
Rick DiPietro;$0;Islanders;2029
Griffin Reinhart;$3,244,167;Islanders;Non-Roster Players
Brock Nelson;$2,825,000;Islanders;Non-Roster Players
Mike Halmo;$1,775,000;Islanders;Non-Roster Players
Scott Mayfield;$1,775,000;Islanders;Non-Roster Players
Anders Nilsson;$1,750,000;Islanders;Non-Roster Players
Ryan Strome;$1,713,333;Islanders;Non-Roster Players
Calvin de Haan;$1,470,000;Islanders;Non-Roster Players
Johan Sundstrom;$925,000;Islanders;Non-Roster Players
Andrei Pedan;$925,000;Islanders;Non-Roster Players
Kirill Kabanov;$898,889;Islanders;Non-Roster Players
Aaron Ness;$875,000;Islanders;Non-Roster Players
Matt Donovan;$875,000;Islanders;Non-Roster Players
Marc Cantin;$750,000;Islanders;Non-Roster Players
John Persson;$626,667;Islanders;Non-Roster Players
Joe Diamond;$610,000;Islanders;Non-Roster Players
Chris Bruton;$610,000;Islanders;Non-Roster Players
Jason Clark;$551,667;Islanders;Non-Roster Players
Brett Gallant;$550,000;Islanders;Non-Roster Players
Ty Wishart;Not signed;Islanders;Non-Roster Players
Nathan McIver;Not signed;Islanders;Non-Roster Players
Shane Harper;Not signed;Islanders;Non-Roster Players
Rick Nash;$7,800,000;Rangers;Forwards
Brad Richards;$6,666,667;Rangers;2020
Ryan Callahan;$4,275,000;Rangers;2020
Derick Brassard;$3,200,000;Rangers;2020
Carl Hagelin;$2,250,000;Rangers;2020
Brian Boyle;$1,700,000;Rangers;2020
Derek Dorsett;$1,633,333;Rangers;2020
Taylor Pyatt;$1,550,000;Rangers;2020
Chris Kreider;$1,325,000;Rangers;2020
Benoit Pouliot;$1,300,000;Rangers;2020
Mats Zuccarello;$1,150,000;Rangers;2020
Darroll Powe;$1,066,667;Rangers;2020
Dominic Moore;$1,000,000;Rangers;2020
Arron Asham;$1,000,000;Rangers;2020
Derek Stepan;Not signed;Rangers;2020
Ryan McDonagh;$4,700,000;Rangers;Defensemen
Marc Staal;$3,975,000;Rangers;Defensemen
Dan Girardi;$3,325,000;Rangers;Defensemen
Michael Del Zotto;$2,550,000;Rangers;Defensemen
Anton Stralman;$1,700,000;Rangers;Defensemen
Justin Falk;$975,000;Rangers;Defensemen
John Moore;$965,000;Rangers;Defensemen
Aaron Johnson;$600,000;Rangers;Defensemen
Roman Hamrlik;Not signed;Rangers;Defensemen
Michael Sauer;Not signed;Rangers;Defensemen
Steve Eminger;Not signed;Rangers;Defensemen
Henrik Lundqvist;$6,875,000;Rangers;Goaltenders
Martin Biron;$1,300,000;Rangers;Goaltenders
Conor Allen;$1,775,000;Rangers;Non-Roster Players
Danny Kristo;$1,300,000;Rangers;Non-Roster Players
Dylan McIlrath;$1,295,000;Rangers;Non-Roster Players
J.T. Miller;$1,244,167;Rangers;Non-Roster Players
Kyle Jean;$925,000;Rangers;Non-Roster Players
Josh Nicholls;$925,000;Rangers;Non-Roster Players
Ryan Bourque;$900,000;Rangers;Non-Roster Players
Jesper Fasth;$900,000;Rangers;Non-Roster Players
M. St. Croix;$870,000;Rangers;Non-Roster Players
Andrew Yogan;$800,000;Rangers;Non-Roster Players
Oscar Lindberg;$760,000;Rangers;Non-Roster Players
Stu Bickel;$750,000;Rangers;Non-Roster Players
Jason Missiaen;$750,000;Rangers;Non-Roster Players
Troy Donnay;$716,667;Rangers;Non-Roster Players
Scott Stajcer;$700,000;Rangers;Non-Roster Players
Marek Hrivik;$685,000;Rangers;Non-Roster Players
Samuel Noreau;$645,000;Rangers;Non-Roster Players
Tommy Hughes;$608,333;Rangers;Non-Roster Players
B. Mashinter;$605,000;Rangers;Non-Roster Players
Micheal Haley;$600,000;Rangers;Non-Roster Players
Jason Wilson;$588,333;Rangers;Non-Roster Players
Danny Syvret;$587,500;Rangers;Non-Roster Players
Michael Kantor;$583,333;Rangers;Non-Roster Players
Cameron Talbot;$562,500;Rangers;Non-Roster Players
Sean Collins;Not signed;Rangers;Non-Roster Players
Nick Palmieri;Not signed;Rangers;Non-Roster Players
Jason Spezza;$7,000,000;Senators;Forwards
Bobby Ryan;$5,100,000;Senators;Forwards
Milan Michalek;$4,333,333;Senators;Forwards
Kyle Turris;$3,500,000;Senators;Forwards
Clarke MacArthur;$3,250,000;Senators;Forwards
Chris Neil;$1,900,000;Senators;Forwards
Zack Smith;$1,887,500;Senators;Forwards
Mika Zibanejad;$1,744,167;Senators;Forwards
Erik Condra;$1,250,000;Senators;Forwards
Cory Conacher;$925,000;Senators;Forwards
Colin Greening;$816,667;Senators;Forwards
Jim O'Brien;$637,500;Senators;Forwards
J. Pageau;$613,333;Senators;Forwards
Matt Kassian;$575,000;Senators;Forwards
Guillaume Latendresse;Not signed;Senators;Forwards
Erik Karlsson;$6,500,000;Senators;Defensemen
Chris Phillips;$3,083,333;Senators;Defensemen
Marc Methot;$3,000,000;Senators;Defensemen
P. Wiercioch;$2,000,000;Senators;Defensemen
Joe Corvo;$900,000;Senators;Defensemen
Eric Gryba;$562,500;Senators;Defensemen
Jared Cowen;Not signed;Senators;Defensemen
Craig Anderson;$3,187,500;Senators;Goaltenders
Robin Lehner;$870,000;Senators;Goaltenders
Ludwig Karlsson;$1,475,000;Senators;Non-Roster Players
Cody Ceci;$1,369,167;Senators;Non-Roster Players
Buddy Robinson;$1,225,000;Senators;Non-Roster Players
Matt Puempel;$1,075,833;Senators;Non-Roster Players
Cole Schneider;$925,000;Senators;Non-Roster Players
Wacey Hamilton;$900,000;Senators;Non-Roster Players
Shane Prince;$876,667;Senators;Non-Roster Players
Mark Stone;$873,333;Senators;Non-Roster Players
S. Da Costa;$825,000;Senators;Non-Roster Players
Ben Blood;$825,000;Senators;Non-Roster Players
Troy Rutkowski;$800,000;Senators;Non-Roster Players
Andre Petersson;$730,000;Senators;Non-Roster Players
Andrew Hammond;$720,000;Senators;Non-Roster Players
Mike Hoffman;$660,000;Senators;Non-Roster Players
Fredrik Claesson;$655,000;Senators;Non-Roster Players
Nathan Lawson;$650,000;Senators;Non-Roster Players
D. Dziurzynski;$640,000;Senators;Non-Roster Players
Corey Cowick;$625,000;Senators;Non-Roster Players
Michael Sdao;$620,000;Senators;Non-Roster Players
Jakub Culek;$613,333;Senators;Non-Roster Players
Derek Grant;$605,000;Senators;Non-Roster Players
Tyler Eckford;$600,000;Senators;Non-Roster Players
Darren Kramer;$600,000;Senators;Non-Roster Players
Chris Wideman;$590,000;Senators;Non-Roster Players
Mark Borowiecki;$575,000;Senators;Non-Roster Players
Scott Hartnell;$4,750,000;Flyers;Forwards
Vincent Lecavalier;$4,500,000;Flyers;Forwards
Jakub Voracek;$4,250,000;Flyers;Forwards
Wayne Simmonds;$3,975,000;Flyers;Forwards
Claude Giroux;$3,750,000;Flyers;2022
Brayden Schenn;$3,110,000;Flyers;2022
Maxime Talbot;$1,750,000;Flyers;2022
Sean Couturier;$1,375,000;Flyers;2022
Scott Laughton;$1,106,667;Flyers;2022
Matt Read;$900,000;Flyers;2022
Zac Rinaldo;$750,000;Flyers;2022
Jay Rosehill;$675,000;Flyers;2022
Adam Hall;$600,000;Flyers;2022
Simon Gagne;Not signed;Flyers;2022
Mike Knuble;Not signed;Flyers;2022
Kimmo Timonen;$6,000,000;Flyers;Defensemen
Mark Streit;$5,250,000;Flyers;Defensemen
Chris Pronger;$4,941,429;Flyers;Defensemen
Braydon Coburn;$4,500,000;Flyers;Defensemen
Andrej Meszaros;$4,000,000;Flyers;Defensemen
Luke Schenn;$3,600,000;Flyers;Defensemen
Nicklas Grossmann;$3,500,000;Flyers;Defensemen
Erik Gustafsson;$1,000,000;Flyers;Defensemen
Bruno Gervais;$825,000;Flyers;Defensemen
M. Bourdon;$612,500;Flyers;Defensemen
Matt Walker;Not signed;Flyers;Defensemen
Kent Huskins;Not signed;Flyers;Defensemen
Ray Emery;$1,650,000;Flyers;Goaltenders
Steve Mason;$1,500,000;Flyers;Goaltenders
Ilya Bryzgalov;$0;Flyers;2027
Andrew Johnston;$958,333;Flyers;Non-Roster Players
Cal Heeter;$950,000;Flyers;Non-Roster Players
Matthew Konan;$925,000;Flyers;Non-Roster Players
Matt Mangene;$925,000;Flyers;Non-Roster Players
Brandon Alderson;$925,000;Flyers;Non-Roster Players
Anthony Stolarz;$925,000;Flyers;Non-Roster Players
Kyle Flanagan;$925,000;Flyers;Non-Roster Players
Petr Straka;$925,000;Flyers;Non-Roster Players
Tyler Brown;$900,000;Flyers;Non-Roster Players
Jason Akeson;$900,000;Flyers;Non-Roster Players
Mark Alt;$900,000;Flyers;Non-Roster Players
Nick Cousins;$894,167;Flyers;Non-Roster Players
Michael Raffl;$792,500;Flyers;Non-Roster Players
Tye McGinn;$775,000;Flyers;Non-Roster Players
Maxim Lamarche;$767,500;Flyers;Non-Roster Players
Marcel Noebels;$749,167;Flyers;Non-Roster Players
Yann Danis;$675,000;Flyers;Non-Roster Players
Kris Newbury;$600,000;Flyers;Non-Roster Players
Ben Holmstrom;$600,000;Flyers;Non-Roster Players
Oliver Lauridsen;$600,000;Flyers;Non-Roster Players
Derek Mathers;$585,000;Flyers;Non-Roster Players
Cullen Eddy;$567,500;Flyers;Non-Roster Players
Tyler Hostetter;$546,667;Flyers;Non-Roster Players
Brandon Manning;Not signed;Flyers;Non-Roster Players
Eric Wellwood;Not signed;Flyers;Non-Roster Players
Blake Kessel;Not signed;Flyers;Non-Roster Players
Mike Ribeiro;$5,500,000;Coyotes;Forwards
Shane Doan;$5,300,000;Coyotes;Forwards
Antoine Vermette;$3,750,000;Coyotes;Forwards
Martin Hanzal;$3,100,000;Coyotes;Forwards
Radim Vrbata;$3,000,000;Coyotes;Forwards
Lauri Korpikoski;$2,500,000;Coyotes;Forwards
David Moss;$2,100,000;Coyotes;Forwards
Kyle Chipchura;$875,000;Coyotes;Forwards
Paul Bissonnette;$737,500;Coyotes;Forwards
Brandon Yip;$675,000;Coyotes;Forwards
Rob Klinkhammer;$625,000;Coyotes;Forwards
Mikkel Boedker;Not signed;Coyotes;Forwards
Oliver Ekman-Larsson;$5,500,000;Coyotes;Defensemen
Keith Yandle;$5,250,000;Coyotes;Defensemen
Zbynek Michalek;$4,000,000;Coyotes;Defensemen
Rostislav Klesla;$2,975,000;Coyotes;Defensemen
Derek Morris;$2,750,000;Coyotes;Defensemen
David Schlemko;$1,187,500;Coyotes;Defensemen
Michael Stone;$1,150,000;Coyotes;Defensemen
David Rundblad;$785,000;Coyotes;Defensemen
Mike Smith;$5,666,667;Coyotes;Goaltenders
Thomas Greiss;$750,000;Coyotes;Goaltenders
Max Domi;$1,425,000;Coyotes;Non-Roster Players
Brandon Gormley;$1,315,000;Coyotes;Non-Roster Players
H. Samuelsson;$1,137,500;Coyotes;Non-Roster Players
Connor Murphy;$1,075,833;Coyotes;Non-Roster Players
B. Shinnimin;$925,000;Coyotes;Non-Roster Players
Tobias Rieder;$925,000;Coyotes;Non-Roster Players
Mike Lee;$908,333;Coyotes;Non-Roster Players
Ethan Werek;$900,000;Coyotes;Non-Roster Players
Chris Brown;$900,000;Coyotes;Non-Roster Players
Lucas Lessio;$894,167;Coyotes;Non-Roster Players
Mark Visentin;$870,000;Coyotes;Non-Roster Players
Jordan Martinook;$840,833;Coyotes;Non-Roster Players
Brandon McMillan;$709,500;Coyotes;Non-Roster Players
Tim Kennedy;$700,000;Coyotes;Non-Roster Players
Brett Hextall;$687,500;Coyotes;Non-Roster Players
D. Dziurzynski;$680,000;Coyotes;Non-Roster Players
Andy Miele;$675,000;Coyotes;Non-Roster Players
Jordan Szwarz;$673,353;Coyotes;Non-Roster Players
Phil Lane;$660,000;Coyotes;Non-Roster Players
M. Brisebois;$655,000;Coyotes;Non-Roster Players
James Melindy;$641,667;Coyotes;Non-Roster Players
Louis Domingue;$618,333;Coyotes;Non-Roster Players
Mathieu Brodeur;$605,000;Coyotes;Non-Roster Players
Justin Weller;$577,500;Coyotes;Non-Roster Players
Chris Summers;$550,000;Coyotes;Non-Roster Players
Mark Louis;$550,000;Coyotes;Non-Roster Players
Maxim Goncharov;Not signed;Coyotes;Non-Roster Players
Scott Arnold;Not signed;Coyotes;Non-Roster Players
Matt Clackson;Not signed;Coyotes;Non-Roster Players
Evgeni Malkin;$8,700,000;Penguins;2022
Sidney Crosby;$8,700,000;Penguins;2025
James Neal;$5,000,000;Penguins;2025
Pascal Dupuis;$3,750,000;Penguins;2025
Chris Kunitz;$3,725,000;Penguins;2025
Jussi Jokinen;$2,100,000;Penguins;2025
Brandon Sutter;$2,066,667;Penguins;2025
Tanner Glass;$1,100,000;Penguins;2025
Beau Bennett;$900,000;Penguins;2025
Craig Adams;$700,000;Penguins;2025
Dustin Jeffrey;$625,000;Penguins;2025
Matt D'Agostini;$550,000;Penguins;2025
Joe Vitale;$550,000;Penguins;2025
Brenden Morrow;Not signed;Penguins;2025
Paul Martin;$5,000,000;Penguins;Defensemen
Brooks Orpik;$3,750,000;Penguins;Defensemen
Kris Letang;$3,500,000;Penguins;2022
Rob Scuderi;$3,375,000;Penguins;2022
Matt Niskanen;$2,300,000;Penguins;2022
Simon Despres;$840,000;Penguins;2022
Robert Bortuzzo;$600,000;Penguins;2022
Deryk Engelland;$566,667;Penguins;2022
Mark Eaton;Not signed;Penguins;2022
M. Fleury;$5,000,000;Penguins;Goaltenders
Tomas Vokoun;$2,000,000;Penguins;Goaltenders
Derrick Pouliot;$1,319,167;Penguins;Non-Roster Players
Jayson Megna;$925,000;Penguins;Non-Roster Players
Harrison Ruopp;$925,000;Penguins;Non-Roster Players
P. Samuelsson;$912,500;Penguins;Non-Roster Players
Brian Dumoulin;$900,000;Penguins;Non-Roster Players
Scott Harrington;$896,667;Penguins;Non-Roster Players
Olli Maatta;$894,167;Penguins;Non-Roster Players
Adam Payerl;$866,667;Penguins;Non-Roster Players
Tom Kuehnhackl;$838,333;Penguins;Non-Roster Players
Steve MacIntyre;$625,000;Penguins;Non-Roster Players
Nick D'Agostino;$625,000;Penguins;Non-Roster Players
Dominik Uher;$616,667;Penguins;Non-Roster Players
Anton Zlobin;$608,333;Penguins;Non-Roster Players
Reid McNeill;$575,000;Penguins;Non-Roster Players
Andrew Ebbett;$550,000;Penguins;Non-Roster Players
Brendan Mikkelson;$550,000;Penguins;Non-Roster Players
Chris Conner;$550,000;Penguins;Non-Roster Players
N. Drazenovic;$550,000;Penguins;Non-Roster Players
H. Zolnierczyk;$550,000;Penguins;Non-Roster Players
Paul Thompson;$550,000;Penguins;Non-Roster Players
Brian Gibbons;$550,000;Penguins;Non-Roster Players
Zach Sill;$550,000;Penguins;Non-Roster Players
Eric Hartzell;$550,000;Penguins;Non-Roster Players
Bobby Farnham;$550,000;Penguins;Non-Roster Players
Jeff Zatkoff;$537,500;Penguins;Non-Roster Players
Riley Holzapfel;Not signed;Penguins;Non-Roster Players
Warren Peters;Not signed;Penguins;Non-Roster Players
Keven Veilleux;Not signed;Penguins;Non-Roster Players
Joe Thornton;$7,000,000;Sharks;Forwards
Patrick Marleau;$6,900,000;Sharks;Forwards
Brent Burns;$5,760,000;Sharks;Forwards
Martin Havlat;$5,000,000;Sharks;Forwards
Joe Pavelski;$4,000,000;Sharks;Forwards
Logan Couture;$2,875,000;Sharks;Forwards
Tyler Kennedy;$2,350,000;Sharks;Forwards
Raffi Torres;$2,000,000;Sharks;Forwards
Adam Burish;$1,850,000;Sharks;Forwards
Tomas Hertl;$1,350,000;Sharks;Forwards
James Sheppard;$830,000;Sharks;Forwards
Tommy Wingels;$775,000;Sharks;Forwards
Andrew Desjardins;$750,000;Sharks;Forwards
Dan Boyle;$6,666,667;Sharks;Defensemen
Marc-Edouard Vlasic;$4,250,000;Sharks;Defensemen
Brad Stuart;$3,600,000;Sharks;Defensemen
Jason Demers;$1,500,000;Sharks;Defensemen
Justin Braun;$1,250,000;Sharks;Defensemen
Scott Hannan;$1,000,000;Sharks;Defensemen
Matt Irwin;$1,000,000;Sharks;Defensemen
Antti Niemi;$3,800,000;Sharks;Goaltenders
Alex Stalock;$625,000;Sharks;Goaltenders
Matt Tennyson;$1,175,000;Sharks;Non-Roster Players
S. Stalberg;$925,000;Sharks;Non-Roster Players
Travis Oleksuk;$925,000;Sharks;Non-Roster Players
Chris Tierney;$925,000;Sharks;Non-Roster Players
Matt Nieto;$925,000;Sharks;Non-Roster Players
Sena Acolatse;$900,000;Sharks;Non-Roster Players
Freddie Hamilton;$878,333;Sharks;Non-Roster Players
Taylor Doherty;$840,000;Sharks;Non-Roster Players
Daniil Tarasov;$800,000;Sharks;Non-Roster Players
P. Emanuelsson;$783,750;Sharks;Non-Roster Players
K. Abeltshauser;$750,000;Sharks;Non-Roster Players
Dylan Demelo;$725,000;Sharks;Non-Roster Players
Eriah Hayes;$655,000;Sharks;Non-Roster Players
Brodie Reid;$650,000;Sharks;Non-Roster Players
Rylan Schwartz;$650,000;Sharks;Non-Roster Players
Troy Grosenick;$625,000;Sharks;Non-Roster Players
John McCarthy;$612,500;Sharks;Non-Roster Players
James Livingston;$605,000;Sharks;Non-Roster Players
Harri Sateri;$600,000;Sharks;Non-Roster Players
Chris Crane;$600,000;Sharks;Non-Roster Players
J.P. Anderson;$553,889;Sharks;Non-Roster Players
Curt Gogol;$551,667;Sharks;Non-Roster Players
Matt Pelech;$550,000;Sharks;Non-Roster Players
Rob Davison;$550,000;Sharks;Non-Roster Players
Adam Comrie;$550,000;Sharks;Non-Roster Players
Marek Viedensky;$550,000;Sharks;Non-Roster Players
Bracken Kearns;$550,000;Sharks;Non-Roster Players
Nick Petrecki;Not signed;Sharks;Non-Roster Players
Tommy Grant;Not signed;Sharks;Non-Roster Players
Danny Groulx;Not signed;Sharks;Non-Roster Players
David Backes;$4,500,000;Blues;Forwards
T.J. Oshie;$4,175,000;Blues;Forwards
Chris Stewart;$4,150,000;Blues;Forwards
Derek Roy;$4,000,000;Blues;Forwards
Alexander Steen;$3,362,500;Blues;Forwards
Patrik Berglund;$3,250,000;Blues;Forwards
V. Tarasenko;$1,750,000;Blues;Forwards
Vladimir Sobotka;$1,300,000;Blues;Forwards
Magnus Paajarvi;$1,200,000;Blues;Forwards
Jaden Schwartz;$1,166,667;Blues;Forwards
Maxim Lapierre;$1,100,000;Blues;Forwards
Chris Porter;$675,000;Blues;Forwards
Keith Aucoin;$625,000;Blues;Forwards
Ryan Reaves;$600,000;Blues;Forwards
Adam Cracknell;$600,000;Blues;Forwards
Jamie Langenbrunner;Not signed;Blues;Forwards
Jay Bouwmeester;$6,680,000;Blues;Defensemen
Kevin Shattenkirk;$4,250,000;Blues;Defensemen
Barret Jackman;$3,166,667;Blues;Defensemen
Roman Polak;$2,750,000;Blues;Defensemen
Jordan Leopold;$2,250,000;Blues;Defensemen
Ian Cole;$825,000;Blues;Defensemen
Alex Pietrangelo;Not signed;Blues;Defensemen
Jeff Woywitka;Not signed;Blues;Defensemen
Jaroslav Halak;$3,750,000;Blues;Goaltenders
Brian Elliott;$1,800,000;Blues;Goaltenders
William Carrier;$941,667;Blues;Non-Roster Players
Joel Edmundson;$925,000;Blues;Non-Roster Players
J. Binnington;$902,778;Blues;Non-Roster Players
S. Wannstrom;$900,000;Blues;Non-Roster Players
Jani Hakanpaa;$900,000;Blues;Non-Roster Players
Ty Rattie;$894,167;Blues;Non-Roster Players
Dmitrij Jaskin;$894,167;Blues;Non-Roster Players
Brett Ponich;$878,333;Blues;Non-Roster Players
Yannick Veilleux;$833,333;Blues;Non-Roster Players
Jake Allen;$800,000;Blues;Non-Roster Players
Cody Beach;$733,333;Blues;Non-Roster Players
Ryan Tesink;$666,667;Blues;Non-Roster Players
Niklas Lundstrom;$655,833;Blues;Non-Roster Players
Sergey Andronov;$627,500;Blues;Non-Roster Players
Pat Cannone;$625,000;Blues;Non-Roster Players
Tyler Shattock;$605,000;Blues;Non-Roster Players
Cade Fairchild;$605,000;Blues;Non-Roster Players
Taylor Chorney;$600,000;Blues;Non-Roster Players
Mark Mancari;$600,000;Blues;Non-Roster Players
David Shields;$583,333;Blues;Non-Roster Players
Christian Hanson;$550,000;Blues;Non-Roster Players
Alexandre Bolduc;$550,000;Blues;Non-Roster Players
Philip McRae;Not signed;Blues;Non-Roster Players
Evgeny Grachev;Not signed;Blues;Non-Roster Players
Paul Karpowich;Not signed;Blues;Non-Roster Players
Anthony Nigro;Not signed;Blues;Non-Roster Players
Jay Barriball;Not signed;Blues;Non-Roster Players
S. Della Rovere;Not signed;Blues;Non-Roster Players
Steven Stamkos;$7,500,000;Lightning;Forwards
Martin St. Louis;$5,625,000;Lightning;Forwards
Valtteri Filppula;$5,000,000;Lightning;Forwards
Ryan Malone;$4,500,000;Lightning;Forwards
Teddy Purcell;$4,500,000;Lightning;Forwards
Jonathan Drouin;$3,225,000;Lightning;Forwards
Nate Thompson;$1,600,000;Lightning;Forwards
B.J. Crombeen;$1,150,000;Lightning;Forwards
A. Killorn;$875,000;Lightning;Forwards
P. Labrie;$625,000;Lightning;Forwards
Dana Tyrell;$600,000;Lightning;Forwards
Tom Pyatt;$600,000;Lightning;Forwards
Matt Carle;$5,500,000;Lightning;Defensemen
Victor Hedman;$4,000,000;Lightning;Defensemen
Eric Brewer;$3,875,000;Lightning;Defensemen
Sami Salo;$3,750,000;Lightning;Defensemen
Mattias Ohlund;$3,607,143;Lightning;Defensemen
Radko Gudas;$991,667;Lightning;Defensemen
Keith Aulie;$975,000;Lightning;Defensemen
Ben Bishop;$2,300,000;Lightning;Goaltenders
Anders Lindback;$1,800,000;Lightning;Goaltenders
Mathieu Garon;Not signed;Lightning;Goaltenders
Vincent Lecavalier;$0;Lightning;2027
Brett Connolly;$1,633,333;Lightning;Non-Roster Players
Slater Koekkoek;$1,475,000;Lightning;Non-Roster Players
Andrej Sustr;$1,350,000;Lightning;Non-Roster Players
V. Namestnikov;$1,012,500;Lightning;Non-Roster Players
Dmitry Korobov;$925,000;Lightning;Non-Roster Players
Tanner Richard;$925,000;Lightning;Non-Roster Players
Tyler Johnson;$900,000;Lightning;Non-Roster Players
Richard Panik;$900,000;Lightning;Non-Roster Players
Nikita Kucherov;$894,167;Lightning;Non-Roster Players
Luke Witkowski;$875,000;Lightning;Non-Roster Players
Philippe Paradis;$870,000;Lightning;Non-Roster Players
Nikita Nesterov;$742,500;Lightning;Non-Roster Players
Danick Gauthier;$683,333;Lightning;Non-Roster Players
C. Desjardins;$650,000;Lightning;Non-Roster Players
Matt Taormina;$650,000;Lightning;Non-Roster Players
Cedric Paquette;$633,333;Lightning;Non-Roster Players
K. Gudlevskis;$611,667;Lightning;Non-Roster Players
Mark Barberio;$605,000;Lightning;Non-Roster Players
Riku Helenius;$600,000;Lightning;Non-Roster Players
Artem Sergeev;$586,111;Lightning;Non-Roster Players
Ondrej Palat;$579,167;Lightning;Non-Roster Players
Geoff Walker;$575,000;Lightning;Non-Roster Players
Daniel Milan;$557,222;Lightning;Non-Roster Players
Charles Landry;$554,167;Lightning;Non-Roster Players
Mike Angelidis;$550,000;Lightning;Non-Roster Players
J.T. Brown;Not signed;Lightning;Non-Roster Players
Dan Sexton;Not signed;Lightning;Non-Roster Players
J. Jacques;Not signed;Lightning;Non-Roster Players
Alex Hutchings;Not signed;Lightning;Non-Roster Players
Pat Nagle;Not signed;Lightning;Non-Roster Players
Phil Kessel;$5,400,000;Mapleleafs;Forwards
Joffrey Lupul;$5,250,000;Mapleleafs;Forwards
David Clarkson;$5,250,000;Mapleleafs;2020
James van Riemsdyk;$4,250,000;Mapleleafs;2020
Tyler Bozak;$4,200,000;Mapleleafs;2020
Dave Bolland;$3,375,000;Mapleleafs;2020
Nikolai Kulemin;$2,800,000;Mapleleafs;2020
Jay McClement;$1,500,000;Mapleleafs;2020
Colton Orr;$925,000;Mapleleafs;2020
Frazer McLaren;$700,000;Mapleleafs;2020
Joe Colborne;$600,000;Mapleleafs;2020
Trevor Smith;$550,000;Mapleleafs;2020
Nazem Kadri;Not signed;Mapleleafs;2020
Leo Komarov;Not signed;Mapleleafs;2020
Dion Phaneuf;$6,500,000;Mapleleafs;Defensemen
John-Michael Liles;$3,875,000;Mapleleafs;Defensemen
Carl Gunnarsson;$3,150,000;Mapleleafs;Defensemen
Mark Fraser;$1,275,000;Mapleleafs;Defensemen
Jake Gardiner;$1,116,667;Mapleleafs;Defensemen
Paul Ranger;$1,000,000;Mapleleafs;Defensemen
Korbinian Holzer;$787,500;Mapleleafs;Defensemen
Cody Franson;Not signed;Mapleleafs;Defensemen
Ryan O'Byrne;Not signed;Mapleleafs;Defensemen
Jonathan Bernier;$2,900,000;Mapleleafs;Goaltenders
James Reimer;$1,800,000;Mapleleafs;Goaltenders
Ben Scrivens;$62,500;Mapleleafs;Retained Salary Transactions
Matt Frattin;$437,500;Mapleleafs;Retained Salary Transactions
Mikhail Grabovski;$0;Mapleleafs;2021
Morgan Rielly;$1,744,167;Mapleleafs;Non-Roster Players
Tyler Biggs;$1,106,667;Mapleleafs;Non-Roster Players
A. MacWilliam;$1,087,500;Mapleleafs;Non-Roster Players
Jerry D'Amigo;$1,082,500;Mapleleafs;Non-Roster Players
Stuart Percy;$1,075,833;Mapleleafs;Non-Roster Players
Carter Ashton;$1,040,000;Mapleleafs;Non-Roster Players
Josh Leivo;$925,000;Mapleleafs;Non-Roster Players
Tom Nilsson;$925,000;Mapleleafs;Non-Roster Players
Kenny Ryan;$900,000;Mapleleafs;Non-Roster Players
Brad Ross;$900,000;Mapleleafs;Non-Roster Players
Petter Granberg;$900,000;Mapleleafs;Non-Roster Players
Jesse Blacker;$870,000;Mapleleafs;Non-Roster Players
Greg McKegg;$870,000;Mapleleafs;Non-Roster Players
Garret Sparks;$770,000;Mapleleafs;Non-Roster Players
Jamie Devane;$701,111;Mapleleafs;Non-Roster Players
Spencer Abbott;$650,000;Mapleleafs;Non-Roster Players
Chris Gibson;$650,000;Mapleleafs;Non-Roster Players
Sam Carrick;$631,667;Mapleleafs;Non-Roster Players
Ryan Lasch;$625,000;Mapleleafs;Non-Roster Players
Troy Bodie;$600,000;Mapleleafs;Non-Roster Players
Drew MacIntyre;$600,000;Mapleleafs;Non-Roster Players
TJ Brennan;$600,000;Mapleleafs;Non-Roster Players
David Broll;$590,833;Mapleleafs;Non-Roster Players
Andrew Crescenzi;$577,778;Mapleleafs;Non-Roster Players
Kevin Marshall;$562,500;Mapleleafs;Non-Roster Players
Tim Connolly;Not signed;Mapleleafs;Non-Roster Players
Tyler Brenner;Not signed;Mapleleafs;Non-Roster Players
Mark Owuya;Not signed;Mapleleafs;Non-Roster Players
Daniel Sedin;$6,100,000;Canucks;Forwards
Henrik Sedin;$6,100,000;Canucks;Forwards
Ryan Kesler;$5,000,000;Canucks;Forwards
Alexandre Burrows;$4,500,000;Canucks;Forwards
David Booth;$4,250,000;Canucks;Forwards
Chris Higgins;$2,500,000;Canucks;Forwards
Jannik Hansen;$1,350,000;Canucks;Forwards
Brad Richardson;$1,150,000;Canucks;Forwards
Zack Kassian;$870,000;Canucks;Forwards
Tom Sestito;$750,000;Canucks;Forwards
Dale Weise;$750,000;Canucks;Forwards
Jordan Schroeder;$600,000;Canucks;Forwards
Manny Malhotra;Not signed;Canucks;Forwards
Mason Raymond;Not signed;Canucks;Forwards
Alexander Edler;$5,000,000;Canucks;Defensemen
Kevin Bieksa;$4,600,000;Canucks;Defensemen
Jason Garrison;$4,600,000;Canucks;Defensemen
Dan Hamhuis;$4,500,000;Canucks;Defensemen
Chris Tanev;$1,500,000;Canucks;Defensemen
Yannick Weber;$650,000;Canucks;Defensemen
Andrew Alberts;$600,000;Canucks;Defensemen
Frank Corrado;$599,444;Canucks;Defensemen
Cam Barker;Not signed;Canucks;Defensemen
Roberto Luongo;$5,333,333;Canucks;2022
Eddie Lack;$750,000;Canucks;2022
Bo Horvat;$1,775,000;Canucks;Non-Roster Players
Hunter Shinkaruk;$1,137,500;Canucks;Non-Roster Players
Brendan Gaunce;$1,056,667;Canucks;Non-Roster Players
Alexandre Mallet;$925,000;Canucks;Non-Roster Players
Joacim Eriksson;$925,000;Canucks;Non-Roster Players
Joe Cannata;$900,000;Canucks;Non-Roster Players
Peter Andersson;$870,000;Canucks;Non-Roster Players
Nicklas Jensen;$863,333;Canucks;Non-Roster Players
L. Blomstrand;$750,000;Canucks;Non-Roster Players
Yann Sauve;$708,750;Canucks;Non-Roster Players
Henrik Tommernes;$680,000;Canucks;Non-Roster Players
Ronalds Kenins;$680,000;Canucks;Non-Roster Players
Darren Archibald;$660,000;Canucks;Non-Roster Players
A. Grenier;$640,000;Canucks;Non-Roster Players
Adam Polasek;$620,000;Canucks;Non-Roster Players
Patrick Mullen;$600,000;Canucks;Non-Roster Players
Alex Biega;$600,000;Canucks;Non-Roster Players
Kellan Lain;$600,000;Canucks;Non-Roster Players
Evan McEneny;$593,333;Canucks;Non-Roster Players
Jeremie Blain;$588,333;Canucks;Non-Roster Players
Alex Friesen;$586,667;Canucks;Non-Roster Players
Steven Anthony;$576,667;Canucks;Non-Roster Players
Zach Hamill;$550,000;Canucks;Non-Roster Players
Pascal Pelletier;$550,000;Canucks;Non-Roster Players
Colin Stuart;$550,000;Canucks;Non-Roster Players
Mike Santorelli;$550,000;Canucks;Non-Roster Players
Benn Ferriero;$550,000;Canucks;Non-Roster Players
Brandon de Fazio;$550,000;Canucks;Non-Roster Players
Kellan Tochkin;$544,722;Canucks;Non-Roster Players
Bill Sweatt;Not signed;Canucks;Non-Roster Players
Anton Rodin;Not signed;Canucks;Non-Roster Players
Stefan Schneider;Not signed;Canucks;Non-Roster Players
Jim Vandermeer;Not signed;Canucks;Non-Roster Players
Prab Rai;Not signed;Canucks;Non-Roster Players
Alex Ovechkin;$9,538,462;Capitals;2021
Nicklas Backstrom;$6,700,000;Capitals;2020
Brooks Laich;$4,500,000;Capitals;2020
Martin Erat;$4,500,000;Capitals;2020
Troy Brouwer;$3,666,667;Capitals;2020
Mikhail Grabovski;$3,000,000;Capitals;2020
Joel Ward;$3,000,000;Capitals;2020
Jason Chimera;$1,750,000;Capitals;2020
Eric Fehr;$1,500,000;Capitals;2020
Mathieu Perreault;$1,050,000;Capitals;2020
Jay Beagle;$900,000;Capitals;2020
Aaron Volpatti;$575,000;Capitals;2020
Marcus Johansson;Not signed;Capitals;2020
Mike Green;$6,083,333;Capitals;Defensemen
John Carlson;$3,966,667;Capitals;Defensemen
Karl Alzner;$2,800,000;Capitals;Defensemen
John Erskine;$1,962,500;Capitals;Defensemen
Jack Hillen;$700,000;Capitals;Defensemen
Tomas Kundratek;$550,000;Capitals;Defensemen
Steven Oleksy;$541,667;Capitals;Defensemen
Tom Poti;Not signed;Capitals;Defensemen
Michal Neuvirth;$2,500,000;Capitals;Goaltenders
Braden Holtby;$1,850,000;Capitals;Goaltenders
C. Schilling;$1,775,000;Capitals;Non-Roster Players
Nate Schmidt;$1,350,000;Capitals;Non-Roster Players
Tom Wilson;$1,294,167;Capitals;Non-Roster Players
Dmitry Orlov;$900,000;Capitals;Non-Roster Players
Patrick Wey;$900,000;Capitals;Non-Roster Players
Michael Latta;$785,833;Capitals;Non-Roster Players
N. Deschamps;$726,000;Capitals;Non-Roster Players
Stanislav Galiev;$660,556;Capitals;Non-Roster Players
Philipp Grubauer;$607,222;Capitals;Non-Roster Players
Garrett Mitchell;$587,500;Capitals;Non-Roster Players
Chay Genoway;$575,000;Capitals;Non-Roster Players
Brett Flemming;$570,833;Capitals;Non-Roster Players
Ryan Stoa;$550,000;Capitals;Non-Roster Players
Brandon Segal;$550,000;Capitals;Non-Roster Players
Tyson Strachan;$550,000;Capitals;Non-Roster Players
Joel Rechlicz;$550,000;Capitals;Non-Roster Players
Matt Watkins;$550,000;Capitals;Non-Roster Players
Casey Wellman;$550,000;Capitals;Non-Roster Players
David Kolomatis;$550,000;Capitals;Non-Roster Players
David Leggio;$550,000;Capitals;Non-Roster Players
Peter LeBlanc;$550,000;Capitals;Non-Roster Players
J. Brouillette;$550,000;Capitals;Non-Roster Players
Brandon Anderson;$549,444;Capitals;Non-Roster Players
Michael Carman;Not signed;Capitals;Non-Roster Players
Blake Wheeler;$5,600,000;Jets;Forwards
Evander Kane;$5,250,000;Jets;Forwards
Bryan Little;$4,700,000;Jets;Forwards
Olli Jokinen;$4,500,000;Jets;Forwards
Andrew Ladd;$4,400,000;Jets;Forwards
Devin Setoguchi;$3,000,000;Jets;Forwards
Michael Frolik;$2,333,333;Jets;Forwards
Jim Slater;$1,600,000;Jets;Forwards
Mark Scheifele;$1,563,333;Jets;Forwards
Chris Thorburn;$866,667;Jets;Forwards
Eric Tangradi;$675,000;Jets;Forwards
James Wright;$650,000;Jets;Forwards
Anthony Peluso;$562,500;Jets;Forwards
Alexander Burmistov;Not signed;Jets;Forwards
Kyle Wellwood;Not signed;Jets;Forwards
Tobias Enstrom;$5,750,000;Jets;Defensemen
Dustin Byfuglien;$5,200,000;Jets;Defensemen
Zach Bogosian;$5,142,857;Jets;2020
Grant Clitsome;$2,066,667;Jets;2020
Jacob Trouba;$1,827,500;Jets;2020
Mark Stuart;$1,700,000;Jets;2020
Paul Postma;$712,500;Jets;2020
Adam Pardy;$600,000;Jets;2020
Arturs Kulda;Not signed;Jets;2020
Ron Hainsey;Not signed;Jets;2020
Ondrej Pavelec;$3,900,000;Jets;Goaltenders
Al Montoya;$601,000;Jets;Goaltenders
Adam Lowry;$925,000;Jets;Non-Roster Players
Juho Olkinuora;$925,000;Jets;Non-Roster Players
Carl Klingberg;$870,000;Jets;Non-Roster Players
Zach Redmond;$715,000;Jets;Non-Roster Players
Ivan Telegin;$697,778;Jets;Non-Roster Players
Julian Melchiori;$671,667;Jets;Non-Roster Players
Matt Halischuk;$650,000;Jets;Non-Roster Players
Eric O'Dell;$630,000;Jets;Non-Roster Players
Austen Brassard;$620,000;Jets;Non-Roster Players
Ben Chiarot;$618,333;Jets;Non-Roster Players
Jerome Samson;$600,000;Jets;Non-Roster Players
M. Hutchinson;$600,000;Jets;Non-Roster Players
John Albert;$585,000;Jets;Non-Roster Players
Cody Sol;$578,333;Jets;Non-Roster Players
Patrice Cormier;$575,000;Jets;Non-Roster Players
Edward Pasquale;$575,000;Jets;Non-Roster Players
Andrew Gordon;$550,000;Jets;Non-Roster Players
Tomas Kubalik;Not signed;Jets;Non-Roster Players
Chris Carrozzi;Not signed;Jets;Non-Roster Players
Maxime Macenauer;Not signed;Jets;Non-Roster Players
