14;Erik Karlsson;Senators;OTT;D;82;20;54;74;60;108;168;6500000;1
5;Tuukka Rask;Bruins;BOS;G;58;36;7;0;108;35;149;7000000;2
2;Marc-Andre Fleury;Penguins;PIT;G;64;39;5;0;117;25;147;5000000;3
3;Antti Niemi;Sharks;SJS;G;64;39;4;0;117;20;144;3800000;4
4;Ben Bishop;Lightning;TBL;G;63;37;5;0;111;25;143;2300000;5
1;Sidney Crosby;Penguins;PIT;C;80;36;68;104;72;68;140;8700000;6
1;Semyon Varlamov;Avalanche;COL;G;60;41;2;0;123;10;139;5900000;7
6;Carey Price;Canadiens;MTL;G;59;34;6;0;102;30;137;6500000;8
62;Shea Weber;Predators;NSH;D;79;23;33;56;69;66;135;7857143;9
8;Kari Lehtonen;Stars;DAL;G;64;33;5;0;99;25;134;5900000;10
8;Alex Ovechkin;Capitals;WSH;R;78;51;28;79;102;28;130;9538462;11
7;Henrik Lundqvist;Rangers;NYR;G;62;33;5;0;99;25;129;8500000;12
43;Duncan Keith;Blackhawks;CHI;D;79;6;55;61;18;110;128;5538462;13
9;Steve Mason;Flyers;PHI;G;60;33;4;0;99;20;126;4100000;14
11;Sergei Bobrovsky;Bluejackets;CBJ;G;58;32;5;0;96;25;126;5625000;15
5;Corey Perry;Ducks;ANA;R;81;43;39;82;86;39;125;8625000;16
66;Victor Hedman;Lightning;TBL;D;75;13;42;55;39;84;123;4000000;17
4;Tyler Seguin;Stars;DAL;C;80;37;47;84;74;47;121;5750000;18
9;Joe Pavelski;Sharks;SJS;C;82;41;38;79;82;38;120;6000000;19
12;Jaroslav Halak;Islanders;STL, WSH;G;50;29;5;0;87;25;119;4500000;20
13;Jonas Hiller;Flames;ANA;G;50;29;5;0;87;25;119;4500000;21
2;Ryan Getzlaf;Ducks;ANA;C;77;31;56;87;62;56;118;8250000;22
101;Brent Burns;Sharks;SJS;D;69;22;26;48;66;52;118;5760000;23
6;Phil Kessel;Mapleleafs;TOR;R;82;37;43;80;74;43;117;8000000;24
75;P.K. Subban;Canadiens;MTL;D;82;10;43;53;30;86;116;9000000;25
10;Corey Crawford;Blackhawks;CHI;G;56;32;2;0;96;10;116;6000000;26
14;Jonathan Quick;Kings;LAK;G;49;27;6;0;81;30;115;5800000;27
3;Claude Giroux;Flyers;PHI;C;82;28;58;86;56;58;114;8275000;28
76;Keith Yandle;Coyotes;PHX;D;82;8;45;53;24;90;114;5250000;29
10;Jamie Benn;Stars;DAL;L;81;34;45;79;68;45;113;5250000;30
12;Patrick Sharp;Blackhawks;CHI;L;82;34;44;78;68;44;112;5900000;31
86;Alex Pietrangelo;Blues;STL;D;81;8;43;51;24;86;110;6500000;32
87;James Wisniewski;Bluejackets;CBJ;D;75;7;44;51;21;88;109;5500000;33
109;Mark Giordano;Flames;CGY;D;64;14;33;47;42;66;108;4020000;34
7;Taylor Hall;Oilers;EDM;L;75;27;53;80;54;53;107;6000000;35
98;Niklas Kronwall;Redwings;DET;D;79;8;41;49;24;82;106;4750000;36
15;Mike Smith;Coyotes;PHX;G;61;27;3;0;81;15;106;5666667;37
16;Patrick Marleau;Sharks;SJS;L;82;33;37;70;66;37;103;6666667;38
24;Chris Kunitz;Penguins;PIT;L;78;35;33;68;70;33;103;3850000;39
118;Oliver Ekman-Larsson;Coyotes;PHX;D;80;15;29;44;45;58;103;5500000;40
19;Craig Anderson;Senators;OTT;G;52;25;4;0;75;20;103;3187500;41
110;Matt Niskanen;Capitals;PIT;D;81;10;36;46;30;72;102;5750000;42
17;Roberto Luongo;Panthers;VAN, FLA;G;56;25;4;0;75;20;102;4533333;43
115;Kevin Shattenkirk;Blues;STL;D;81;10;35;45;30;70;100;4250000;44
131;Ryan McDonagh;Rangers;NYR;D;77;14;29;43;42;58;100;4700000;45
17;Anze Kopitar;Kings;LAK;C;82;29;41;70;58;41;99;6800000;46
19;Martin St. Louis;Rangers;TBL, NYR;R;81;30;39;69;60;39;99;5625000;47
44;Max Pacioretty;Canadiens;MTL;L;73;39;21;60;78;21;99;4500000;48
119;Andrej Sekera;Hurricanes;CAR;D;74;11;33;44;33;66;99;2750000;49
20;Patrick Kane;Blackhawks;CHI;R;69;29;40;69;58;40;98;6300000;50
120;Mark Streit;Flyers;PHI;D;82;10;34;44;30;68;98;5250000;51
11;Nicklas Backstrom;Capitals;WSH;C;82;18;61;79;36;61;97;6700000;52
21;Blake Wheeler;Jets;WPG;R;82;28;41;69;56;41;97;5600000;53
154;Zdeno Chara;Bruins;BOS;D;77;17;23;40;51;46;97;6916667;54
22;Kyle Okposo;Islanders;NYI;R;71;27;42;69;54;42;96;2800000;55
25;Jonathan Toews;Blackhawks;CHI;C;76;28;40;68;56;40;96;6300000;56
34;Ryan Johansen;Bluejackets;CBJ;C;82;33;30;63;66;30;96;0;57
139;Marek Zidlicky;Devils;NJD;D;81;12;30;42;36;60;96;3000000;58
15;Evgeni Malkin;Penguins;PIT;C;60;23;49;72;46;49;95;9500000;59
26;Thomas Vanek;Wild;BUF, NYI, MTL;L;78;27;41;68;54;41;95;6500000;60
36;Alexander Steen;Blues;STL;L;68;33;29;62;66;29;95;5800000;61
133;Ryan Suter;Wild;MIN;D;82;8;35;43;24;70;94;7538462;62
157;Torey Krug;Bruins;BOS;D;79;14;26;40;42;52;94;0;63
18;Matt Duchene;Avalanche;COL;C;71;23;47;70;46;47;93;6000000;64
30;Jordan Eberle;Oilers;EDM;R;80;28;37;65;56;37;93;6000000;65
134;Andrei Markov;Canadiens;MTL;D;81;7;36;43;21;72;93;5750000;66
158;Roman Josi;Predators;NSH;D;72;13;27;40;39;54;93;4000000;67
20;Braden Holtby;Capitals;WSH;G;45;23;4;0;69;20;93;1850000;68
32;Ryan O'Reilly;Avalanche;COL;C;80;28;36;64;56;36;92;6000000;69
37;Patrice Bergeron;Bruins;BOS;C;80;30;32;62;60;32;92;6500000;70
27;Jaromir Jagr;Devils;NJD;R;82;24;43;67;48;43;91;3500000;71
31;Gabriel Landeskog;Avalanche;COL;L;81;26;39;65;52;39;91;5571429;72
39;James van Riemsdyk;Mapleleafs;TOR;L;80;30;31;61;60;31;91;4250000;73
40;Jarome Iginla;Avalanche;BOS;R;78;30;31;61;60;31;91;5333333;74
28;John Tavares;Islanders;NYI;C;59;24;42;66;48;42;90;5500000;75
45;Jason Pominville;Wild;MIN;R;82;30;30;60;60;30;90;5600000;76
46;Marian Hossa;Blackhawks;CHI;R;72;30;30;60;60;30;90;5275000;77
141;Alex Goligoski;Stars;DAL;D;81;6;36;42;18;72;90;4600000;78
16;Jonathan Bernier;Mapleleafs;TOR;G;49;26;1;0;78;5;90;2900000;79
29;Jason Spezza;Stars;OTT;C;75;23;43;66;46;43;89;7000000;80
47;Wayne Simmonds;Flyers;PHI;R;82;29;31;60;58;31;89;3975000;81
149;Brent Seabrook;Blackhawks;CHI;D;82;7;34;41;21;68;89;5800000;82
173;Tyson Barrie;Avalanche;COL;D;64;13;25;38;39;50;89;2600000;83
23;David Krejci;Bruins;BOS;C;80;19;50;69;38;50;88;5250000;84
41;James Neal;Predators;PIT;L;59;27;34;61;54;34;88;5000000;85
13;Joe Thornton;Sharks;SJS;C;82;11;65;76;22;65;87;6750000;86
33;Bryan Little;Jets;WPG;C;82;23;41;64;46;41;87;4700000;87
35;Nathan MacKinnon;Avalanche;COL;C;82;24;39;63;48;39;87;925000;88
67;Jeff Skinner;Hurricanes;CAR;L;71;33;21;54;66;21;87;5725000;89
169;Erik Johnson;Avalanche;COL;D;80;9;30;39;27;60;87;3750000;90
38;Jakub Voracek;Flyers;PHI;R;82;23;39;62;46;39;85;4250000;91
48;Paul Stastny;Blues;COL;C;71;25;35;60;50;35;85;7000000;92
56;David Perron;Oilers;EDM;L;78;28;29;57;56;29;85;3812500;93
60;Zach Parise;Wild;MIN;L;67;29;27;56;58;27;85;7538462;94
174;Mike Green;Capitals;WSH;D;70;9;29;38;27;58;85;6083333;95
53;Kyle Turris;Senators;OTT;C;82;26;32;58;52;32;84;3500000;96
57;David Backes;Blues;STL;C;74;27;30;57;54;30;84;4500000;97
180;John Carlson;Capitals;WSH;D;82;10;27;37;30;54;84;3966667;98
181;Drew Doughty;Kings;LAK;D;78;10;27;37;30;54;84;7000000;99
191;Dan Boyle;Rangers;SJS;D;75;12;24;36;36;48;84;4500000;100
18;Ryan Miller;Canucks;BUF, STL;G;59;25;1;0;75;5;84;6000000;101
22;Jimmy Howard;Redwings;DET;G;50;21;2;0;63;10;84;5291667;102
50;Milan Lucic;Bruins;BOS;L;80;24;35;59;48;35;83;6000000;103
54;Valtteri Filppula;Lightning;TBL;C;75;25;33;58;50;33;83;5000000;104
55;Frans Nielsen;Islanders;NYI;C;80;25;33;58;50;33;83;2750000;105
42;Eric Staal;Hurricanes;CAR;C;79;21;40;61;42;40;82;8250000;106
51;Ondrej Palat;Lightning;TBL;L;81;23;36;59;46;36;82;3333333;107
49;T.J. Oshie;Blues;STL;R;79;21;39;60;42;39;81;4175000;108
61;Jaden Schwartz;Blues;STL;L;80;25;31;56;50;31;81;0;109
185;Brian Campbell;Panthers;FLA;D;82;7;30;37;21;60;81;7142875;110
65;Clarke MacArthur;Senators;OTT;L;79;24;31;55;48;31;79;3250000;111
52;Mats Zuccarello;Rangers;NYR;L;77;19;40;59;38;40;78;3500000;112
58;Jussi Jokinen;Panthers;PIT;L;81;21;36;57;42;36;78;4000000;113
72;Brad Marchand;Bruins;BOS;L;82;25;28;53;50;28;78;4500000;114
186;Jay Bouwmeester;Blues;STL;D;82;4;33;37;12;66;78;5400000;115
193;Cam Fowler;Ducks;ANA;D;70;6;30;36;18;60;78;4000000;116
21;Ondrej Pavelec;Jets;WPG;G;57;22;1;0;66;5;78;3900000;117
26;Martin Brodeur;Devils;NJD;G;39;19;3;0;57;15;78;0;118
68;Andrew Ladd;Jets;WPG;L;78;23;31;54;46;31;77;4400000;119
69;Logan Couture;Sharks;SJS;C;65;23;31;54;46;31;77;6000000;120
88;Jeff Carter;Kings;LAK;C;72;27;23;50;54;23;77;5272727;121
213;Justin Schultz;Oilers;EDM;D;74;11;22;33;33;44;77;3675000;122
63;Dustin Byfuglien;Jets;WPG;R;78;20;36;56;40;36;76;5200000;123
77;Craig Smith;Predators;NSH;C;79;24;28;52;48;28;76;2000000;124
99;Gustav Nyquist;Redwings;DET;R;57;28;20;48;56;20;76;950000;125
198;Kimmo Timonen;Flyers;PHI;D;77;6;29;35;18;58;76;2000000;126
28;Brian Elliott;Blues;STL;G;25;18;4;0;54;20;76;2500000;127
64;Ryan Nugent-Hopkins;Oilers;EDM;C;80;19;37;56;38;37;75;6000000;128
73;Patric Hornqvist;Penguins;NSH;R;76;22;31;53;44;31;75;4250000;129
59;Derek Stepan;Rangers;NYR;C;82;17;40;57;34;40;74;3075000;130
80;Matt Moulson;Sabres;NYI, BUF, MIN;L;75;23;28;51;46;28;74;5000000;131
89;Tyler Johnson;Lightning;TBL;C;82;24;26;50;48;26;74;3333333;132
93;Joel Ward;Capitals;WSH;R;82;24;25;49;48;25;73;3000000;133
207;Jason Demers;Sharks;SJS;D;75;5;29;34;15;58;73;3400000;134
216;Jason Garrison;Lightning;VAN;D;81;7;26;33;21;52;73;4600000;135
78;Scott Hartnell;Bluejackets;PHI;L;78;20;32;52;40;32;72;4750000;136
208;Slava Voynov;Kings;LAK;D;82;4;30;34;12;60;72;4166667;137
217;Christian Ehrhoff;Sabres;BUF;D;79;6;27;33;18;54;72;4000000;138
225;Andy Greene;Devils;NJD;D;82;8;24;32;24;48;72;3000000;139
231;Jake Gardiner;Mapleleafs;TOR;D;80;10;21;31;30;42;72;4050000;140
27;Josh Harding;Wild;MIN;G;26;18;3;0;54;15;72;1900000;141
70;Jiri Hudler;Flames;CGY;C;75;17;37;54;34;37;71;4000000;142
74;Patrik Elias;Devils;NJD;L;65;18;35;53;36;35;71;5500000;143
81;Brad Richards;Blackhawks;NYR;C;82;20;31;51;40;31;71;2000000;144
82;Radim Vrbata;Canucks;PHX;R;80;20;31;51;40;31;71;5000000;145
83;Reilly Smith;Bruins;BOS;R;82;20;31;51;40;31;71;0;146
94;Nick Bonino;Canucks;ANA;C;77;22;27;49;44;27;71;1900000;147
100;Bobby Ryan;Senators;OTT;R;70;23;25;48;46;25;71;5100000;148
111;Mike Cammalleri;Devils;CGY;C;63;26;19;45;52;19;71;5000000;149
218;Jack Johnson;Bluejackets;CBJ;D;82;5;28;33;15;56;71;4357143;150
219;Cody Franson;Mapleleafs;TOR;D;79;5;28;33;15;56;71;3300000;151
84;Mikkel Boedker;Coyotes;PHX;L;82;19;32;51;38;32;70;2550000;152
90;Nazem Kadri;Mapleleafs;TOR;C;78;20;30;50;40;30;70;2900000;153
105;Shane Doan;Coyotes;PHX;R;69;23;24;47;46;24;70;5300000;154
232;Dion Phaneuf;Mapleleafs;TOR;D;80;8;23;31;24;46;70;7000000;155
240;Tobias Enstrom;Jets;WPG;D;82;10;20;30;30;40;70;5750000;156
95;Mike Fisher;Predators;NSH;C;75;20;29;49;40;29;69;4200000;157
112;Antoine Vermette;Coyotes;PHX;C;82;24;21;45;48;21;69;3750000;158
226;Justin Faulk;Hurricanes;CAR;D;76;5;27;32;15;54;69;4833333;159
233;Nick Leddy;Blackhawks;CHI;D;82;7;24;31;21;48;69;2700000;160
24;Carter Hutton;Predators;NSH;G;34;20;1;0;60;5;69;725000;161
79;David Desharnais;Canadiens;MTL;C;79;16;36;52;32;36;68;3500000;162
96;Tyler Bozak;Mapleleafs;TOR;C;58;19;30;49;38;30;68;4200000;163
122;Ryan Kesler;Ducks;VAN;C;77;25;18;43;50;18;68;5000000;164
123;Troy Brouwer;Capitals;WSH;R;82;25;18;43;50;18;68;3666667;165
124;Adam Henrique;Devils;NJD;C;77;25;18;43;50;18;68;4000000;166
252;Jacob Trouba;Jets;WPG;D;65;10;19;29;30;38;68;894167;167
97;Daniel Alfredsson;Redwings;DET;R;68;18;31;49;36;31;67;0;168
253;Olli Maatta;Penguins;PIT;D;78;9;20;29;27;40;67;894167;169
91;Brandon Dubinsky;Bluejackets;CBJ;C;76;16;34;50;32;34;66;4200000;170
102;Travis Zajac;Devils;NJD;C;80;18;30;48;36;30;66;5750000;171
106;Brandon Saad;Blackhawks;CHI;L;78;19;28;47;38;28;66;764167;172
116;Joffrey Lupul;Mapleleafs;TOR;L;69;22;22;44;44;22;66;5250000;173
234;TJ Brodie;Flames;CGY;D;81;4;27;31;12;54;66;2125000;174
242;Hampus Lindholm;Ducks;ANA;D;78;6;24;30;18;48;66;894167;175
71;Mikko Koivu;Wild;MIN;C;65;11;43;54;22;43;65;6750000;176
85;David Legwand;Senators;NSH, DET;C;83;14;37;51;28;37;65;3000000;177
150;Steven Stamkos;Lightning;TBL;C;37;25;15;40;50;15;65;7500000;178
159;Rick Nash;Rangers;NYR;L;65;26;13;39;52;13;65;7800000;179
254;Kris Russell;Flames;CGY;D;68;7;22;29;21;44;65;2600000;180
255;Eric Gelinas;Devils;NJD;D;60;7;22;29;21;44;65;0;181
103;Carl Soderberg;Bruins;BOS;C;73;16;32;48;32;32;64;1008333;182
104;Henrik Zetterberg;Redwings;DET;L;45;16;32;48;32;32;64;6083333;183
113;Mason Raymond;Flames;TOR;L;82;19;26;45;38;26;64;3150000;184
117;Cody Hodgson;Sabres;BUF;C;72;20;24;44;40;24;64;4250000;185
125;Tyler Ennis;Sabres;BUF;C;80;21;22;43;42;22;64;4600000;186
126;Vladimir Tarasenko;Blues;STL;R;64;21;22;43;42;22;64;900000;187
135;Alexander Semin;Hurricanes;CAR;R;65;22;20;42;44;20;64;7000000;188
235;Matthew Carle;Lightning;TBL;D;82;2;29;31;6;58;64;5500000;189
30;Chad Johnson;Islanders;BOS;G;23;17;2;0;51;10;64;1300000;190
107;Daniel Sedin;Canucks;VAN;L;73;16;31;47;32;31;63;7000000;191
108;Mike Ribeiro;Predators;PHX;C;80;16;31;47;32;31;63;1050000;192
114;Derick Brassard;Rangers;NYR;C;81;18;27;45;36;27;63;5000000;193
127;Tomas Plekanec;Canadiens;MTL;C;81;20;23;43;40;23;63;5000000;194
136;Andrew Cogliano;Ducks;ANA;C;82;21;21;42;42;21;63;3000000;195
265;Andre Benoit;Sabres;COL;D;79;7;21;28;21;42;63;800000;196
25;Anton Khudobin;Hurricanes;CAR;G;34;19;1;0;57;5;63;2250000;197
128;Justin Williams;Kings;LAK;R;82;19;24;43;38;24;62;3650000;198
151;Matt Read;Flyers;PHI;R;75;22;18;40;44;18;62;3625000;199
92;Henrik Sedin;Canucks;VAN;C;70;11;39;50;22;39;61;7000000;200
129;Olli Jokinen;Predators;WPG;C;82;18;25;43;36;25;61;2500000;201
130;Mathieu Perreault;Jets;ANA;C;69;18;25;43;36;25;61;3000000;202
142;Brayden Schenn;Flyers;PHI;C;82;20;21;41;40;21;61;2500000;203
152;Cam Atkinson;Bluejackets;CBJ;R;79;21;19;40;42;19;61;1150000;204
160;Artem Anisimov;Bluejackets;CBJ;C;81;22;17;39;44;17;61;3283333;205
143;Brendan Gallagher;Canadiens;MTL;R;81;19;22;41;38;22;60;685000;206
144;Evander Kane;Jets;WPG;L;63;19;22;41;38;22;60;5250000;207
266;Andrew MacDonald;Flyers;NYI, PHI;D;82;4;24;28;12;48;60;5000000;208
273;Ryan Ellis;Predators;NSH;D;80;6;21;27;18;42;60;0;209
294;Nick Holden;Avalanche;COL;D;54;10;15;25;30;30;60;600000;210
23;Frederik Andersen;Ducks;ANA;G;24;20;0;0;60;0;60;1150000;211
161;Andrew Shaw;Blackhawks;CHI;C;80;20;19;39;40;19;59;2000000;212
267;Tom Gilbert;Canadiens;FLA;D;73;3;25;28;9;50;59;2800000;213
295;Trevor Daley;Stars;DAL;D;67;9;16;25;27;32;59;3300000;214
145;Alex Killorn;Lightninig;TBL;C;82;17;24;41;34;24;58;2550000;215
153;Brian Gionta;Sabres;MTL;R;81;18;22;40;36;22;58;4250000;216
162;Tomas Tatar;Redwings;DET;L;73;19;20;39;38;20;58;2750000;217
29;Tim Thomas;Stars;FLA, DAL;G;46;18;0;0;54;0;58;0;218
137;Michael Frolik;Jets;WPG;R;81;15;27;42;30;27;57;3300000;219
138;Jason Chimera;Capitals;WSH;L;82;15;27;42;30;27;57;2000000;220
146;Johan Franzen;Redwings;DET;R;54;16;25;41;32;25;57;3954545;221
163;Mikael Backlund;Flames;CGY;C;76;18;21;39;36;21;57;1500000;222
164;Nick Foligno;Bluejackets;CBJ;L;70;18;21;39;36;21;57;3083333;223
170;Jamie McGinn;Avalanche;COL;L;79;19;19;38;38;19;57;2950000;224
176;Vincent Lecavalier;Lightning;PHI;C;69;20;17;37;40;17;57;4500000;225
187;Brad Boyes;Panthers;FLA;R;78;21;15;36;42;15;57;2625000;226
285;Jared Spurgeon;Wild;MIN;D;67;5;21;26;15;42;57;2666667;227
297;Dougie Hamilton;Bruins;BOS;D;64;7;18;25;21;36;57;894167;228
132;Ales Hemsky;Stars;EDM, OTT;R;75;13;30;43;26;30;56;4000000;229
165;Chris Higgins;Canucks;VAN;L;78;17;22;39;34;22;56;2500000;230
166;Milan Michalek;Senators;OTT;L;82;17;22;39;34;22;56;4000000;231
199;Sean Monahan;Flames;CGY;C;75;22;12;34;44;12;56;925000;232
274;Morgan Rielly;Mapleleafs;TOR;D;73;2;25;27;6;50;56;894167;233
286;Niklas Hjalmarsson;Blackhawks;CHI;D;81;4;22;26;12;44;56;4100000;234
287;Fedor Tyutin;Bluejackets;CBJ;D;69;4;22;26;12;44;56;4500000;235
298;Seth Jones;Predators;NSH;D;77;6;19;25;18;38;56;925000;236
155;Jordan Staal;Hurricanes;CAR;C;82;15;25;40;30;25;55;6000000;237
156;Martin Hanzal;Coyotes;PHX;C;65;15;25;40;30;25;55;3100000;238
326;Alec Martinez;Kings;LAK;D;61;11;11;22;33;22;55;1100000;239
327;Kris Letang;Penguins;PIT;D;37;11;11;22;33;22;55;7250000;240
140;Teddy Purcell;Oilers;TBL;R;81;12;30;42;24;30;54;4500000;241
171;Tommy Wingels;Sharks;SJS;C;77;16;22;38;32;22;54;2475000;242
172;Nick Bjugstad;Panthers;FLA;C;76;16;22;38;32;22;54;900000;243
177;Chris Kreider;Rangers;NYR;L;66;17;20;37;34;20;54;2475000;244
178;Pavel Datsyuk;Redwings;DET;C;45;17;20;37;34;20;54;7500000;245
188;Ryan Callahan;Lightning;NYR, TBL;R;65;17;19;36;34;19;53;5800000;246
309;Dan Girardi;Rangers;NYR;D;81;5;19;24;15;38;53;5500000;247
310;Marc-Edouard Vlasic;Sharks;SJS;D;81;5;19;24;15;38;53;4250000;248
311;Jake Muzzin;Kings;LAK;D;76;5;19;24;15;38;53;1000000;249
328;Tyler Myers;Sabres;BUF;D;62;9;13;22;27;26;53;5500000;250
121;Marcus Johansson;Capitals;WSH;C;80;8;36;44;16;36;52;2000000;251
147;Mike Richards;Kings;LAK;C;82;11;30;41;22;30;52;5750000;252
167;Sean Couturier;Flyers;PHI;C;82;13;26;39;26;26;52;1750000;253
179;Scottie Upshall;Panthers;FLA;L;76;15;22;37;30;22;52;3500000;254
200;Michael Ryder;Devils;NJD;R;82;18;16;34;36;16;52;3500000;255
201;R.J. Umberger;Flyers;CBJ;C;74;18;16;34;36;16;52;4600000;256
312;Kevin Bieksa;Canucks;VAN;D;76;4;20;24;12;40;52;4600000;257
319;Marc Methot;Senators;OTT;D;75;6;17;23;18;34;52;3000000;258
189;Benoit Pouliot;Oilers;NYR;L;80;15;21;36;30;21;51;4000000;259
194;Cody Eakin;Stars;DAL;C;81;16;19;35;32;19;51;0;260
321;Johnny Boychuk;Bruins;BOS;D;75;5;18;23;15;36;51;3366667;261
333;Alexander Edler;Canucks;VAN;D;63;7;15;22;21;30;51;5000000;262
334;Andrej Meszaros;Sabres;PHI, BOS;D;52;7;15;22;21;30;51;4125000;263
190;Nino Niederreiter;Wild;MIN;R;81;14;22;36;28;22;50;0;264
202;Drew Stafford;Sabres;BUF;R;70;16;18;34;32;18;50;4000000;265
209;Carl Hagelin;Rangers;NYR;L;72;17;16;33;34;16;50;2250000;266
322;Danny DeKeyser;Redwings;DET;D;65;4;19;23;12;38;50;0;267
323;Patrick Wiercioch;Senators;OTT;D;53;4;19;23;12;38;50;2000000;268
344;Michael Stone;Coyotes;PHX;D;70;8;13;21;24;26;50;1150000;269
148;Mikael Granlund;Wild;MIN;C;63;8;33;41;16;33;49;900000;270
168;Matt Cullen;Predators;NSH;C;77;10;29;39;20;29;49;3500000;271
195;Dustin Penner;Capitals;ANA, WSH;R;67;14;21;35;28;21;49;0;272
210;Mika Zibanejad;Senators;OTT;C;69;16;17;33;32;17;49;894167;273
220;Ryan Garbutt;Stars;DAL;L;75;17;15;32;34;15;49;1800000;274
336;Dan Hamhuis;Canucks;VAN;D;79;5;17;22;15;34;49;4500000;275
192;Kris Versteeg;Blackhawks;FLA, CHI;L;81;12;24;36;24;24;48;2200000;276
196;Alex Chiasson;Senators;DAL;R;79;13;22;35;26;22;48;866667;277
197;Mikhail Grabovski;Islanders;WSH;C;58;13;22;35;26;22;48;5500000;278
203;Valeri Nichushkin;Stars;DAL;R;79;14;20;34;28;20;48;925000;279
337;Thomas Hickey;Islanders;NYI;D;82;4;18;22;12;36;48;675000;280
348;Sami Vatanen;Ducks;ANA;D;48;6;15;21;18;30;48;1262500;281
182;Sam Gagner;Lightning;EDM;C;67;10;27;37;20;27;47;1600000;282
183;Loui Eriksson;Bruins;BOS;R;61;10;27;37;20;27;47;4250000;283
204;Mark Scheifele;Jets;WPG;C;63;13;21;34;26;21;47;863333;284
211;Matt Stajan;Flames;CGY;C;63;14;19;33;28;19;47;3125000;285
212;Pierre-Alexandre Parenteau;Canadiens;COL;R;55;14;19;33;28;19;47;4000000;286
227;Nathan Gerbe;Hurricanes;CAR;L;81;16;15;31;32;15;47;1750000;287
338;Radko Gudas;Lightning;TBL;D;73;3;19;22;9;38;47;991667;288
175;Josh Bailey;Islanders;NYI;L;77;8;30;38;16;30;46;3300000;289
184;Derek Roy;Predators;STL;C;75;9;28;37;18;28;46;1000000;290
205;Lee Stempniak;Rangers;CGY, PIT;R;73;12;22;34;24;22;46;900000;291
206;Mark Letestu;Bluejackets;CBJ;C;82;12;22;34;24;22;46;1250000;292
221;Patrik Berglund;Blues;STL;C;78;14;18;32;28;18;46;3700000;293
236;Jiri Tlusty;Hurricanes;CAR;L;68;16;14;30;32;14;46;2950000;294
339;Sergei Gonchar;Stars;DAL;D;76;2;20;22;6;40;46;5000000;295
349;Ryan Murray;Bluejackets;CBJ;D;66;4;17;21;12;34;46;894167;296
350;Dennis Wideman;Flames;CGY;D;46;4;17;21;12;34;46;5250000;297
362;Jonas Brodin;Wild;MIN;D;79;8;11;19;24;22;46;894167;298
363;Dmitry Kulikov;Panthers;FLA;D;81;8;11;19;24;22;46;4333333;299
222;Nick Spaling;Penguins;NSH;C;71;13;19;32;26;19;45;2200000;300
228;Kyle Palmieri;Ducks;ANA;R;71;14;17;31;28;17;45;1466667;301
237;Dwight King;Kings;LAK;L;77;15;15;30;30;15;45;1950000;302
244;Erik Cole;Stars;DAL;L;75;16;13;29;32;13;45;4500000;303
245;Sean Bergenheim;Panthers;FLA;L;62;16;13;29;32;13;45;2750000;304
246;Boone Jenner;Bluejackets;CBJ;C;72;16;13;29;32;13;45;778333;305
214;Colin Wilson;Predators;NSH;C;81;11;22;33;22;22;44;2000000;306
229;Eric Fehr;Capitals;WSH;R;73;13;18;31;26;18;44;1500000;307
230;Alex Galchenyuk;Canadiens;MTL;C;65;13;18;31;26;18;44;925000;308
223;John Mitchell;Avalanche;COL;C;75;11;21;32;22;21;43;1800000;309
247;Antoine Roussel;Stars;DAL;L;81;14;15;29;28;15;43;2000000;310
248;Zack Kassian;Canucks;VAN;R;73;14;15;29;28;15;43;1750000;311
359;Jordie Benn;Stars;DAL;D;78;3;17;20;9;34;43;700000;312
365;Brendan Smith;Redwings;DET;D;71;5;14;19;15;28;43;1262500;313
215;Vladimir Sobotka;Blues;STL;L;61;9;24;33;18;24;42;0;314
238;Charlie Coyle;Wild;MIN;C;70;12;18;30;24;18;42;900000;315
268;Dustin Brown;Kings;LAK;R;79;15;12;27;30;12;42;5875000;316
224;Ray Whitney;Stars;DAL;L;69;9;23;32;18;23;41;0;317
239;Marian Gaborik;Kings;CBJ, LAK;R;41;11;19;30;22;19;41;4875000;318
249;Tyler Toffoli;Kings;LAK;C;62;12;17;29;24;17;41;716667;319
275;Chris Stewart;Sabres;STL, BUF;R;63;15;11;26;30;11;41;4150000;320
381;Ben Lovejoy;Ducks;ANA;D;78;5;13;18;15;26;41;1100000;321
389;Jeff Petry;Oilers;EDM;D;80;7;10;17;21;20;41;3075000;322
250;Saku Koivu;Ducks;ANA;C;65;11;18;29;22;18;40;0;323
251;Patrick Maroon;Ducks;ANA;L;62;11;18;29;22;18;40;575000;324
257;Dany Heatley;Ducks;MIN;L;76;12;16;28;24;16;40;1000000;325
276;Brock Nelson;Islanders;NYI;C;72;14;12;26;28;12;40;900000;326
277;Ben Smith;Blackhawks;CHI;R;75;14;12;26;28;12;40;1500000;327
288;Tomas Hertl;Sharks;SJS;C;37;15;10;25;30;10;40;925000;328
368;Matt Irwin;Sharks;SJS;D;62;2;17;19;6;34;40;1000000;329
369;Jakub Kindl;Redwings;DET;D;66;2;17;19;6;34;40;2400000;330
390;Jan Hejda;Avalanche;COL;D;78;6;11;17;18;22;40;3250000;331
391;Brenden Dillon;Stars;DAL;D;80;6;11;17;18;22;40;0;332
392;Jamie McBain;Sabres;BUF;D;69;6;11;17;18;22;40;0;333
393;Christopher Tanev;Canucks;VAN;D;64;6;11;17;18;22;40;2000000;334
31;Pekka Rinne;Predators;NSH;G;24;10;2;0;30;10;40;7000000;335
278;Dainius Zubrus;Devils;NJD;R;82;13;13;26;26;13;39;3100000;336
279;Brandon Sutter;Penguins;PIT;C;81;13;13;26;26;13;39;3300000;337
383;Travis Hamonic;Islanders;NYI;D;69;3;15;18;9;30;39;3857143;338
384;Andrew Ference;Oilers;EDM;D;71;3;15;18;9;30;39;3250000;339
395;Braydon Coburn;Flyers;PHI;D;82;5;12;17;15;24;39;4500000;340
396;Derek Morris;Coyotes;PHX;D;63;5;12;17;15;24;39;0;341
258;Matt Cooke;Wild;MIN;L;82;10;18;28;20;18;38;2500000;342
259;Joe Colborne;Flames;CGY;C;80;10;18;28;20;18;38;1275000;343
260;Justin Abdelkader;Redwings;DET;L;70;10;18;28;20;18;38;1800000;344
261;Mike Santorelli;Mapleleafs;VAN;C;49;10;18;28;20;18;38;1500000;345
269;Devin Setoguchi;Flames;WPG;R;75;11;16;27;22;16;38;750000;346
280;Lars Eller;Canadiens;MTL;C;77;12;14;26;24;14;38;3500000;347
281;Michael Grabner;Islanders;NYI;R;64;12;14;26;24;14;38;3000000;348
289;Daniel Briere;Avalanche;MTL;C;69;13;12;25;26;12;38;4000000;349
290;Brenden Morrow;Lightning;STL;L;71;13;12;25;26;12;38;1550000;350
291;Brandon Pirri;Panthers;CHI, FLA;C;49;13;12;25;26;12;38;925000;351
385;Karl Alzner;Capitals;WSH;D;82;2;16;18;6;32;38;2800000;352
398;Justin Braun;Sharks;SJS;D;82;4;13;17;12;26;38;1250000;353
399;Francois Beauchemin;Ducks;ANA;D;70;4;13;17;12;26;38;3500000;354
400;Eric Brewer;Lightning;TBL;D;77;4;13;17;12;26;38;3875000;355
401;Sami Salo;Lightning;TBL;D;71;4;13;17;12;26;38;0;356
241;Rich Peverley;Stars;DAL;C;62;7;23;30;14;23;37;3250000;357
262;Jonathan Huberdeau;Panthers;FLA;L;69;9;19;28;18;19;37;894167;358
404;Carl Gunnarsson;Mapleleafs;TOR;D;80;3;14;17;9;28;37;200000;359
405;Marco Scandella;Wild;MIN;D;76;3;14;17;9;28;37;1025000;360
406;Alexei Emelin;Canadiens;MTL;D;59;3;14;17;9;28;37;4100000;361
243;Daniel Winnik;Mapleleafs;ANA;C;76;6;24;30;12;24;36;1300000;362
263;Tomas Fleischmann;Panthers;FLA;L;80;8;20;28;16;20;36;4500000;363
264;Marcus Kruger;Blackhawks;CHI;C;81;8;20;28;16;20;36;1325000;364
270;Teemu Selanne;RETIRED;ANA;R;64;9;18;27;18;18;36;0;365
292;Marcel Goc;Penguins;FLA, PIT;C;74;11;14;25;22;14;36;1200000;366
293;Damien Brunner;Devils;NJD;R;60;11;14;25;22;14;36;2500000;367
299;Curtis Glencross;Flames;CGY;L;38;12;12;24;24;12;36;2550000;368
340;Eric Nystrom;Predators;NSH;L;79;15;6;21;30;6;36;2500000;369
386;Matt Bartkowski;Bruins;BOS;D;64;0;18;18;0;36;36;1250000;370
427;Jared Cowen;Senators;OTT;D;68;6;9;15;18;18;36;3100000;371
271;Maxime Talbot;Avalanche;PHI, COL;C;81;8;19;27;16;19;35;1750000;372
272;Jarret Stoll;Kings;LAK;C;78;8;19;27;16;19;35;3250000;373
282;Gabriel Bourque;Predators;NSH;L;74;9;17;26;18;17;35;775000;374
300;Nail Yakupov;Oilers;EDM;R;63;11;13;24;22;13;35;925000;375
314;Shawn Matthias;Canucks;FLA, VAN;C;77;12;11;23;24;11;35;1750000;376
324;Zack Smith;Senators;OTT;C;82;13;9;22;26;9;35;1887500;377
416;Johnny Oduya;Blackhawks;CHI;D;77;3;13;16;9;26;35;3375000;378
417;Michael Del Zotto;Flyers;NYR, NSH;D;67;3;13;16;9;26;35;1300000;379
418;Calvin de Haan;Islanders;NYI;D;51;3;13;16;9;26;35;1966667;380
429;David Savard;Bluejackets;CBJ;D;70;5;10;15;15;20;35;1300000;381
296;Lauri Korpikoski;Coyotes;PHX;L;64;9;16;25;18;16;34;2500000;382
301;Matt Nieto;Sharks;SJS;L;66;10;14;24;20;14;34;759167;383
302;Riley Nash;Hurricanes;CAR;C;73;10;14;24;20;14;34;575000;384
315;Brad Richardson;Canucks;VAN;R;73;11;12;23;22;12;34;1150000;385
325;Marty Havlat;Devils;SJS;R;48;12;10;22;24;10;34;5000000;386
341;Justin Fontaine;Wild;MIN;R;66;13;8;21;26;8;34;1000000;387
419;Chris Butler;Blues;CGY;D;82;2;14;16;6;28;34;650000;388
420;Matt Donovan;Islanders;NYI;D;52;2;14;16;6;28;34;826875;389
433;Ron Hainsey;Hurricanes;CAR;D;82;4;11;15;12;22;34;2833333;390
434;John Moore;Rangers;NYR;D;74;4;11;15;12;22;34;0;391
435;Jay Harrison;Hurricanes;CAR;D;68;4;11;15;12;22;34;1500000;392
447;Paul Ranger;Unsigned;TOR;D;53;6;8;14;18;16;34;0;393
283;Cory Conacher;Islanders;OTT, BUF;C;79;7;19;26;14;19;33;600000;394
284;Ryane Clowe;Devils;NJD;L;43;7;19;26;14;19;33;4850000;395
303;Matt Calvert;Bluejackets;CBJ;L;56;9;15;24;18;15;33;987500;396
304;Matt Beleskey;Ducks;ANA;L;55;9;15;24;18;15;33;1350000;397
305;Riley Sheahan;Redwings;DET;C;42;9;15;24;18;15;33;950000;398
316;Ryan Smyth;0;EDM;L;72;10;13;23;20;13;33;0;399
317;Jakob Silfverberg;0;ANA;R;52;10;13;23;20;13;33;850000;400
421;Ryan Stanton;Canucks;VAN;D;64;1;15;16;3;30;33;550000;401
436;Barret Jackman;Blues;STL;D;79;3;12;15;9;24;33;3166667;402
437;Paul Martin;Penguins;PIT;D;39;3;12;15;9;24;33;5000000;403
256;Martin Erat;Coyotes;WSH, PHX;R;70;3;26;29;6;26;32;4500000;404
306;Kyle Brodziak;Wild;MIN;C;81;8;16;24;16;16;32;2833333;405
307;Tuomo Ruutu;Devils;CAR, NJD;R;76;8;16;24;16;16;32;3800000;406
308;Aleksander Barkov;0;FLA;C;54;8;16;24;16;16;32;925000;407
318;Steve Ott;Blues;BUF, STL;C;82;9;14;23;18;14;32;2600000;408
351;Darren Helm;Redwings;DET;C;42;12;8;20;24;8;32;2125000;409
438;Raphael Diaz;Rangers;MTL, VAN, NYR;D;63;2;13;15;6;26;32;0;410
439;Nikita Nikitin;Oilers;CBJ;D;66;2;13;15;6;26;32;4500000;411
329;Michael Raffl;Flyers;PHI;L;68;9;13;22;18;13;31;1100000;412
342;Paul Gaustad;Predators;NSH;C;75;10;11;21;20;11;31;3250000;413
352;Jannik Hansen;Canucks;VAN;R;71;11;9;20;22;9;31;2500000;414
353;Rob Klinkhammer;Coyotes;PHX;C;72;11;9;20;22;9;31;625000;415
360;Cal Clutterbuck;Islanders;NYI;R;73;12;7;19;24;7;31;2750000;416
440;Chris Phillips;Senators;OTT;D;70;1;14;15;3;28;31;2500000;417
448;Robyn Regehr;Kings;LAK;D;79;3;11;14;9;22;31;3000000;418
449;Marc Staal;Rangers;NYR;D;72;3;11;14;9;22;31;3975000;419
330;David Moss;Coyotes;PHX;R;79;8;14;22;16;14;30;800000;420
331;Patrick Dwyer;Hurricanes;CAR;R;75;8;14;22;16;14;30;900000;421
332;Zemgus Girgensons;0;BUF;C;70;8;14;22;16;14;30;0;422
343;Elias Lindholm;Hurricanes;CAR;C;58;9;12;21;18;12;30;925000;423
457;Kyle Quincey;Redwings;DET;D;82;4;9;13;12;18;30;4250000;424
458;Roman Polak;Mapleleafs;STL;D;72;4;9;13;12;18;30;2750000;425
467;Deryk Engelland;Flames;PIT;D;56;6;6;12;18;12;30;2916667;426
320;Vernon Fiddler;Stars;DAL;C;76;6;17;23;12;17;29;1250000;427
335;Andrei Loktionov;Hurricanes;NJD, CAR;C;68;7;15;22;14;15;29;0;428
345;Boyd Gordon;Oilers;EDM;C;74;8;13;21;16;13;29;3000000;429
346;Gregory Campbell;Bruins;BOS;C;82;8;13;21;16;13;29;1600000;430
354;Nikolai Kulemin;Islanders;TOR;L;70;9;11;20;18;11;29;4187500;431
370;Jimmy Hayes;Panthers;CHI, FLA;R;55;11;7;18;22;7;29;925000;432
450;Nicklas Grossmann;Flyers;PHI;D;78;1;13;14;3;26;29;3500000;433
451;Josh Gorges;Sabres;MTL;D;66;1;13;14;3;26;29;3900000;434
313;Steve Downie;Penguins;COL, PHI;R;62;4;20;24;8;20;28;1000000;435
347;Paul Byron;Flames;CGY;C;47;7;14;21;14;14;28;600000;436
361;David Booth;Mapleleafs;VAN;L;66;9;10;19;18;10;28;1100000;437
461;Brooks Orpik;Capitals;PIT;D;72;2;11;13;6;22;28;5500000;438
462;Mark Stuart;Jets;WPG;D;69;2;11;13;6;22;28;2625000;439
471;Luke Schenn;Flyers;PHI;D;79;4;8;12;12;16;28;3600000;440
355;Shawn Horcoff;Stars;DAL;C;77;7;13;20;14;13;27;5500000;441
356;Pascal Dupuis;Penguins;PIT;R;39;7;13;20;14;13;27;3750000;442
371;Chris Kelly;Bruins;BOS;C;57;9;9;18;18;9;27;3000000;443
372;Derek MacKenzie;Panthers;CBJ;C;71;9;9;18;18;9;27;1300000;444
373;Daniel Paille;Bruins;BOS;L;72;9;9;18;18;9;27;1300000;445
374;Nikita Kucherov;Lightning;TBL;R;52;9;9;18;18;9;27;711667;446
375;Jesse Winchester;Avalanche;FLA;C;52;9;9;18;18;9;27;900000;447
463;Anton Stralman;Lightning;NYR;D;81;1;12;13;3;24;27;4500000;448
464;Mike Weaver;Canadiens;FLA, MTL;D;72;1;12;13;3;24;27;1750000;449
474;Scott Hannan;Sharks;SJS;D;56;3;9;12;9;18;27;1000000;450
476;Dylan Olsen;Panthers;FLA;D;44;3;9;12;9;18;27;775000;451
477;Philip Larsen;Oilers;EDM;D;30;3;9;12;9;18;27;0;452
364;Marcus Foligno;Sabres;BUF;L;74;7;12;19;14;12;26;1875000;453
376;Viktor Stalberg;Predators;NSH;L;70;8;10;18;16;10;26;3000000;454
377;Colin McDonald;Islanders;NYI;R;70;8;10;18;16;10;26;637500;455
387;David Jones;Flames;CGY;R;48;9;8;17;18;8;26;4000000;456
422;Bryan Bickell;Blackhawks;CHI;L;59;11;4;15;22;4;26;4000000;457
478;Ryan Murphy;Hurricanes;CAR;D;48;2;10;12;6;20;26;863333;458
480;Grant Clitsome;Jets;WPG;D;32;2;10;12;6;20;26;2066667;459
490;Mark Fayne;Oilers;NJD;D;72;4;7;11;12;14;26;3625000;460
493;Michael Kostka;Rangers;CHI, TBL;D;28;4;7;11;12;14;26;650000;461
508;Yannick Weber;Canucks;VAN;D;49;6;4;10;18;8;26;850000;462
357;Kyle Chipchura;Coyotes;PHX;C;80;5;15;20;10;15;25;875000;463
378;Ryan Strome;Islanders;NYI;C;37;7;11;18;14;11;25;863333;464
388;Joakim Andersson;Redwings;DET;C;65;8;9;17;16;9;25;732500;465
408;Nate Thompson;Ducks;TBL;C;81;9;7;16;18;7;25;1600000;466
409;Rene Bourque;Canadiens;MTL;R;63;9;7;16;18;7;25;3333333;467
410;Todd Bertuzzi;Redwings;DET;R;59;9;7;16;18;7;25;0;468
482;Willie Mitchell;Panthers;LAK;D;76;1;11;12;3;22;25;4250000;469
495;Zach Bogosian;Jets;WPG;D;55;3;8;11;9;16;25;5142857;470
496;Brad Stuart;Avalanche;SJS;D;61;3;8;11;9;16;25;3600000;471
497;Dmitry Orlov;Capitals;WSH;D;54;3;8;11;9;16;25;2000000;472
498;Ian Cole;Blues;STL;D;46;3;8;11;9;16;25;825000;473
499;Lubomir Visnovsky;Islanders;NYI;D;24;3;8;11;9;16;25;4750000;474
510;Stephane Robidas;Mapleleafs;DAL, ANA;D;38;5;5;10;15;10;25;3000000;475
511;Mark Barberio;Lightning;TBL;D;49;5;5;10;15;10;25;874125;476
358;James Sheppard;Sharks;SJS;L;67;4;16;20;8;16;24;1300000;477
366;Nathan Horton;Bluejackets;CBJ;R;36;5;14;19;10;14;24;5300000;478
379;Brian Boyle;Lightning;NYR;C;82;6;12;18;12;12;24;2000000;479
380;Dominic Moore;Rangers;NYR;C;73;6;12;18;12;12;24;1500000;480
423;Maxim Lapierre;Blues;STL;C;71;9;6;15;18;6;24;1100000;481
500;Jon Merrill;Devils;NJD;D;52;2;9;11;6;18;24;840000;482
501;Eric Gryba;Senators;OTT;D;57;2;9;11;6;18;24;1250000;483
367;J.T. Brown;Lightning;TBL;R;63;4;15;19;8;15;23;950000;484
394;Colin Greening;Senators;OTT;L;76;6;11;17;12;11;23;2650000;485
424;Brooks Laich;Capitals;WSH;C;51;8;7;15;16;7;23;4500000;486
425;Tomas Jurco;Redwings;DET;R;36;8;7;15;16;7;23;709167;487
442;Anders Lee;Islanders;NYI;C;22;9;5;14;18;5;23;850500;488
505;Jonathan Ericsson;Redwings;DET;D;48;1;10;11;3;20;23;4250000;489
516;Joe Corvo;Senators;OTT;D;25;3;7;10;9;14;23;0;490
382;Mark Arcobello;Oilers;EDM;C;41;4;14;18;8;14;22;600000;491
397;Brian Gibbons;Bluejackets;PIT;C;41;5;12;17;10;12;22;750000;492
411;Casey Cizikas;Islanders;NYI;C;80;6;10;16;12;10;22;1000000;493
412;Erik Condra;Senators;OTT;R;76;6;10;16;12;10;22;1250000;494
413;Dale Weise;Canadiens;VAN, MTL;R;61;6;10;16;12;10;22;1025000;495
426;Drew Miller;Redwings;DET;L;82;7;8;15;14;8;22;1350000;496
443;Matt Martin;Islanders;NYI;L;79;8;6;14;16;6;22;1000000;497
444;Chris Neil;Senators;OTT;R;76;8;6;14;16;6;22;1900000;498
518;Zbynek Michalek;Coyotes;PHX;D;59;2;8;10;6;16;22;4000000;499
520;Erik Gustafsson;Flyers;PHI;D;31;2;8;10;6;16;22;0;500
521;Steve Oleksy;0;WSH;D;33;2;8;10;6;16;22;0;501
402;TJ Galiardi;Jets;CGY;L;62;4;13;17;8;13;21;700000;502
403;Tyler Kennedy;Sharks;SJS;R;67;4;13;17;8;13;21;2350000;503
414;Blake Comeau;Penguins;CBJ;L;61;5;11;16;10;11;21;700000;504
428;Erik Haula;Wild;MIN;C;46;6;9;15;12;9;21;900000;505
445;Brandon Bollig;Flames;CHI;L;82;7;7;14;14;7;21;1250000;506
446;Michael Bournival;Canadiens;MTL;L;60;7;7;14;14;7;21;0;507
523;Cory Sarich;Avalanche;COL;D;54;1;9;10;3;18;21;0;508
524;Dennis Seidenberg;Bruins;BOS;D;34;1;9;10;3;18;21;4000000;509
534;Erik Gudbranson;Panthers;FLA;D;65;3;6;9;9;12;21;2500000;510
535;Brian Strait;Islanders;NYI;D;47;3;6;9;9;12;21;775000;511
536;Cody Ceci;Senators;OTT;D;49;3;6;9;9;12;21;894167;512
407;Andrew Desjardins;Sharks;SJS;C;81;3;14;17;6;14;20;750000;513
415;Michal Handzus;Blackhawks;CHI;C;59;4;12;16;8;12;20;0;514
430;Lance Bouma;Flames;CGY;C;78;5;10;15;10;10;20;775000;515
431;Alexandre Burrows;Canucks;VAN;R;49;5;10;15;10;10;20;4500000;516
432;Ryan Malone;Lightning;TBL;L;57;5;10;15;10;10;20;0;517
453;Manny Malhotra;Canadiens;CAR;C;69;7;6;13;14;6;20;850000;518
465;Colton Sceviour;Stars;DAL;C;26;8;4;12;16;4;20;650000;519
466;Dave Bolland;Panthers;TOR;C;23;8;4;12;16;4;20;5500000;520
525;Bryan Allen;Ducks;ANA;D;68;0;10;10;0;20;20;3500000;521
526;Robert Bortuzzo;Penguins;PIT;D;54;0;10;10;0;20;20;600000;522
538;Kevin Klein;Rangers;NSH, NYR;D;77;2;7;9;6;14;20;2900000;523
539;John-Michael Liles;Hurricanes;TOR, CAR;D;41;2;7;9;6;14;20;3875000;524
540;Keith Ballard;Wild;MIN;D;45;2;7;9;6;14;20;1500000;525
454;Brian Flynn;Sabres;BUF;C;79;6;7;13;12;7;19;637500;526
455;Brandon Prust;Canadiens;MTL;L;52;6;7;13;12;7;19;2500000;527
542;Mike Weber;Sabres;BUF;D;68;1;8;9;3;16;19;1666667;528
543;Nate Guenin;Avalanche;COL;D;68;1;8;9;3;16;19;800000;529
544;Mattias Ekholm;Predators;NSH;D;62;1;8;9;3;16;19;1037500;530
545;David Schlemko;Coyotes;PHX;D;48;1;8;9;3;16;19;1187500;531
456;Cody McLeod;Avalanche;COL;L;71;5;8;13;10;8;18;1150000;532
468;Magnus Paajarvi;Blues;STL;L;55;6;6;12;12;6;18;1200000;533
483;Emerson Etem;Ducks;ANA;L;29;7;4;11;14;4;18;870000;534
553;Ladislav Smid;Flames;EDM, CGY;D;73;2;6;8;6;12;18;3500000;535
554;Henrik Tallinder;Sabres;BUF;D;64;2;6;8;6;12;18;0;536
555;Brett Bellemore;Hurricanes;CAR;D;64;2;6;8;6;12;18;600000;537
556;Nate Prosser;Blues;MIN;D;53;2;6;8;6;12;18;700000;538
459;Tanner Glass;Rangers;PIT;L;67;4;9;13;8;9;17;1450000;539
469;Matt D'Agostini;0;PIT, BUF;R;57;5;7;12;10;7;17;0;540
470;Jeff Halpern;Coyotes;PHX;C;69;5;7;12;10;7;17;0;541
484;Trevor Lewis;Kings;LAK;C;73;6;5;11;12;5;17;1525000;542
485;Patrick Bordeleau;0;COL;L;82;6;5;11;12;5;17;0;543
486;Peter Holland;Mapleleafs;ANA, TOR;C;43;6;5;11;12;5;17;775000;544
507;Ryan Carter;Devils;NJD;L;62;7;3;10;14;3;17;0;545
560;Michal Rozsival;Blackhawks;CHI;D;42;1;7;8;3;14;17;2200000;546
561;Andrej Sustr;Lightning;TBL;D;43;1;7;8;3;14;17;874125;547
562;Kevin Connauton;Stars;DAL;D;36;1;7;8;3;14;17;683333;548
563;Connor Murphy;Coyotes;PHX;D;30;1;7;8;3;14;17;863333;549
460;Richard Panik;Lightning;TBL;R;50;3;10;13;6;10;16;735000;550
472;Tomas Kopecky;Panthers;FLA;R;49;4;8;12;8;8;16;3000000;551
473;Drayson Bowman;Hurricanes;CAR;L;70;4;8;12;8;8;16;0;552
487;Craig Adams;Penguins;PIT;R;82;5;6;11;10;6;16;700000;553
488;David Clarkson;Mapleleafs;TOR;R;60;5;6;11;10;6;16;5250000;554
489;Jeremy Morin;Blackhawks;CHI;R;24;5;6;11;10;6;16;800000;555
509;Jordan Nolan;Kings;LAK;C;64;6;4;10;12;4;16;700000;556
564;Anton Volchenkov;Predators;NJD;D;56;0;8;8;0;16;16;1000000;557
574;Sheldon Brookbank;Blackhawks;CHI;D;48;2;5;7;6;10;16;0;558
441;Ville Leino;Sabres;BUF;L;58;0;15;15;0;15;15;0;559
452;Joe Vitale;Coyotes;PIT;C;53;1;13;14;2;13;15;1116667;560
475;Steve Bernier;Devils;NJD;R;78;3;9;12;6;9;15;600000;561
491;Stephen Gionta;Devils;NJD;C;66;4;7;11;8;7;15;850000;562
492;Peter Regin;Blackhawks;NYI, CHI;C;61;4;7;11;8;7;15;650000;563
494;Alex Tanguay;Avalanche;COL;L;16;4;7;11;8;7;15;3500000;564
512;Matt Halischuk;Jets;WPG;R;46;5;5;10;10;5;15;725000;565
578;Anton Belov;0;EDM;D;57;1;6;7;3;12;15;0;566
579;Mark Pysyk;Sabres;BUF;D;44;1;6;7;3;12;15;870000;567
479;Travis Moen;Canadiens;MTL;L;65;2;10;12;4;10;14;1850000;568
481;Scott Gomez;Panthers;FLA;C;46;2;10;12;4;10;14;0;569
513;Jay McClement;Hurricanes;TOR;C;81;4;6;10;8;6;14;1000000;570
527;Tom Sestito;Canucks;VAN;L;77;5;4;9;10;4;14;750000;571
528;Jayson Megna;Penguins;PIT;C;36;5;4;9;10;4;14;874125;572
589;Francis Bouillon;Canadiens;MTL;D;52;2;4;6;6;8;14;0;573
590;Dalton Prout;Bluejackets;CBJ;D;49;2;4;6;6;8;14;1075000;574
591;Keaton Ellerby;Jets;WPG;D;51;2;4;6;6;8;14;700000;575
592;Matt Greene;Kings;LAK;D;38;2;4;6;6;8;14;2500000;576
593;Nate Schmidt;Capitals;WSH;D;29;2;4;6;6;8;14;625000;577
502;Chris Thorburn;Jets;WPG;R;55;2;9;11;4;9;13;1200000;578
503;Corey Tropp;Bluejackets;BUF, CBJ;R;53;2;9;11;4;9;13;625000;579
504;Sven Baertschi;Flames;CGY;L;26;2;9;11;4;9;13;894167;580
514;Tom Wilson;Capitals;WSH;R;82;3;7;10;6;7;13;894167;581
515;B.J. Crombeen;Coyotes;TBL;R;55;3;7;10;6;7;13;1150000;582
517;Troy Bodie;Mapleleafs;TOR;R;47;3;7;10;6;7;13;600000;583
529;Adam Hall;0;PHI;R;80;4;5;9;8;5;13;0;584
530;Jay Beagle;Capitals;WSH;R;62;4;5;9;8;5;13;900000;585
531;Radek Dvorak;Hurricanes;CAR;R;60;4;5;9;8;5;13;0;586
532;Pierre-Marc Bouchard;Unsigned;NYI;C;28;4;5;9;8;5;13;0;587
533;Trevor Smith;Mapleleafs;TOR;C;28;4;5;9;8;5;13;550000;588
546;Shawn Thornton;Panthers;BOS;L;64;5;3;8;10;3;13;1200000;589
547;Vincent Trocheck;Panthers;FLA;C;20;5;3;8;10;3;13;661667;590
597;Brian Lashoff;Redwings;DET;D;75;1;5;6;3;10;13;725000;591
598;Tim Gleason;Hurricanes;CAR, TOR;D;56;1;5;6;3;10;13;1200000;592
599;Kevan Miller;Bruins;BOS;D;47;1;5;6;3;10;13;800000;593
600;Victor Bartley;Predators;NSH;D;50;1;5;6;3;10;13;666667;594
601;Connor Carrick;Capitals;WSH;D;34;1;5;6;3;10;13;636667;595
602;Luca Sbisa;Canucks;ANA;D;30;1;5;6;3;10;13;2175000;596
603;Adam McQuaid;Bruins;BOS;D;30;1;5;6;3;10;13;1566667;597
604;Jordan Leopold;Blues;STL;D;27;1;5;6;3;10;13;2250000;598
519;Torrey Mitchell;Sabres;MIN, BUF;C;67;2;8;10;4;8;12;1900000;599
522;Devante Smith-Pelly;Ducks;ANA;R;19;2;8;10;4;8;12;0;600
537;Evgeny Kuznetsov;Capitals;WSH;C;17;3;6;9;6;6;12;900000;601
548;Daniel Cleary;0;DET;R;52;4;4;8;8;4;12;0;602
549;Derek Dorsett;Canucks;NYR;R;51;4;4;8;8;4;12;1633333;603
550;Brian McGrattan;Flames;CGY;R;76;4;4;8;8;4;12;750000;604
551;Mark Stone;Senators;OTT;R;19;4;4;8;8;4;12;603333;605
565;Matt Hendricks;Oilers;NSH, EDM;C;77;5;2;7;10;2;12;1850000;606
566;Drew Shore;Panthers;FLA;C;24;5;2;7;10;2;12;900000;607
605;Adam Pardy;Jets;WPG;D;60;0;6;6;0;12;12;700000;608
606;Martin Marincin;Oilers;EDM;D;44;0;6;6;0;12;12;730000;609
607;Ryan Wilson;Avalanche;COL;D;28;0;6;6;0;12;12;2250000;610
506;Ryan Spooner;Bruins;BOS;C;23;0;11;11;0;11;11;760000;611
541;Calle Jarnkrok;Predators;NSH;C;12;2;7;9;4;7;11;715000;612
552;Kyle Clifford;Kings;LAK;L;71;3;5;8;6;5;11;1075000;613
567;Zac Dalpe;Sabres;VAN;C;55;4;3;7;8;3;11;700000;614
568;Kevin Westgarth;Flames;CAR, CGY;R;48;4;3;7;8;3;11;0;615
622;Clayton Stoner;Ducks;MIN;D;63;1;4;5;3;8;11;3250000;616
623;Ed Jovanovski;0;FLA;D;37;1;4;5;3;8;11;0;617
624;Mark Fistric;Ducks;ANA;D;34;1;4;5;3;8;11;1266667;618
557;Ryan Reaves;Blues;STL;R;63;2;6;8;4;6;10;1125000;619
558;Tim Kennedy;Capitals;PHX;L;37;2;6;8;4;6;10;550000;620
559;Paul Bissonnette;Coyotes;PHX;L;39;2;6;8;4;6;10;0;621
569;Rich Clune;0;NSH;L;58;3;4;7;6;4;10;0;622
570;Tom Pyatt;0;TBL;C;27;3;4;7;6;4;10;0;623
571;Beau Bennett;Penguins;PIT;R;21;3;4;7;6;4;10;900000;624
572;Eric O'Dell;Jets;WPG;C;30;3;4;7;6;4;10;650000;625
573;Tanner Pearson;Kings;LAK;L;25;3;4;7;6;4;10;735833;626
582;Matt Ellis;Sabres;BUF;L;50;4;2;6;8;2;10;550000;627
583;Quinton Howden;Panthers;FLA;C;16;4;2;6;8;2;10;870000;628
626;Nick Schultz;Flyers;EDM, CBJ;D;69;0;5;5;0;10;10;1250000;629
627;Simon Despres;Penguins;PIT;D;34;0;5;5;0;10;10;900000;630
628;Corey Potter;Bruins;EDM, BOS;D;19;0;5;5;0;10;10;0;631
632;Rasmus Ristolainen;0;BUF;D;34;2;2;4;6;4;10;0;632
575;Matt Frattin;Mapleleafs;LAK, CBJ;R;44;2;5;7;4;5;9;800000;633
576;Cody McCormick;Sabres;BUF, MIN;C;43;2;5;7;4;5;9;1500000;634
577;Reid Boucher;Devils;NJD;R;23;2;5;7;4;5;9;692500;635
584;Eric Tangradi;Jets;WPG;L;55;3;3;6;6;3;9;675000;636
585;J.T. Miller;Rangers;NYR;C;30;3;3;6;6;3;9;894167;637
586;Mike Hoffman;Senators;OTT;L;25;3;3;6;6;3;9;750000;638
587;Jordan Schroeder;Wild;VAN;C;25;3;3;6;6;3;9;600000;639
588;Nicklas Jensen;Canucks;VAN;R;17;3;3;6;6;3;9;863333;640
608;Taylor Pyatt;0;NYR, PIT;L;56;4;1;5;8;1;9;0;641
609;Daniel Carcillo;Rangers;LAK, NYR;L;57;4;1;5;8;1;9;0;642
610;Jason Zucker;Wild;MIN;L;21;4;1;5;8;1;9;900250;643
611;Tim Jackman;Ducks;CGY, ANA;R;36;4;1;5;8;1;9;637500;644
612;Chris Conner;Capitals;PIT;R;19;4;1;5;8;1;9;550000;645
613;Tye McGinn;Sharks;PHI;L;18;4;1;5;8;1;9;600000;646
638;Bryce Salvador;Devils;NJD;D;40;1;3;4;3;6;9;3166667;647
639;John Erskine;Capitals;WSH;D;37;1;3;4;3;6;9;1962500;648
640;Rostislav Klesla;0;PHX;D;25;1;3;4;3;6;9;0;649
641;Carlo Colaiacovo;Blues;STL;D;25;1;3;4;3;6;9;0;650
580;Marc-Andre Cliche;0;COL;C;76;1;6;7;2;6;8;0;651
581;Luke Glendening;Redwings;DET;C;56;1;6;7;2;6;8;628333;652
594;Ryan Jones;Oilers;EDM;L;52;2;4;6;4;4;8;0;653
595;Ryan White;Flyers;MTL;C;52;2;4;6;4;4;8;575000;654
596;Brandon McMillan;Coyotes;PHX;C;22;2;4;6;4;4;8;625000;655
614;Jesse Joensuu;Oilers;EDM;L;42;3;2;5;6;2;8;950000;656
615;Bracken Kearns;Sharks;SJS;L;25;3;2;5;6;2;8;0;657
616;Will Acton;Oilers;EDM;C;30;3;2;5;6;2;8;680000;658
617;Brad Malone;Hurricanes;COL;C;32;3;2;5;6;2;8;650000;659
618;Raffi Torres;Sharks;SJS;L;5;3;2;5;6;2;8;2000000;660
630;Jack Skille;Islanders;CBJ;R;16;4;0;4;8;0;8;750000;661
645;Rob Scuderi;Penguins;PIT;D;53;0;4;4;0;8;8;3375000;662
646;Peter Harrold;Devils;NJD;D;33;0;4;4;0;8;8;800000;663
648;Mike Komisarek;Hurricanes;CAR;D;32;0;4;4;0;8;8;0;664
651;Jean-Philippe Cote;0;TBL;D;19;0;4;4;0;8;8;0;665
652;Tyler Wotherspoon;0;CGY;D;14;0;4;4;0;8;8;0;666
656;Chris Summers;Coyotes;PHX;D;18;2;1;3;6;2;8;600000;667
619;Mike Brown;Sharks;EDM, SJS;R;56;2;3;5;4;3;7;1200000;668
620;Patrick Eaves;Stars;DET, NSH;R;30;2;3;5;4;3;7;650000;669
621;Anthony Peluso;Jets;WPG;R;53;2;3;5;4;3;7;562500;670
631;Stephane Da Costa;0;OTT;C;12;3;1;4;6;1;7;0;671
661;Adam Larsson;Devils;NJD;D;26;1;2;3;3;4;7;900000;672
663;Paul Postma;Jets;WPG;D;20;1;2;3;3;4;7;712500;673
664;Aaron Ness;Islanders;NYI;D;20;1;2;3;3;4;7;826875;674
667;Oscar Klefbom;Oilers;EDM;D;17;1;2;3;3;4;7;894167;675
670;Zach Redmond;Avalanche;WPG;D;10;1;2;3;3;4;7;750000;676
625;Filip Forsberg;Predators;NSH;C;13;1;4;5;2;4;6;894167;677
633;Zac Rinaldo;Flyers;PHI;C;67;2;2;4;4;2;6;750000;678
634;Luke Gazdic;Oilers;EDM;L;67;2;2;4;4;2;6;800000;679
635;Stephen Weiss;Redwings;DET;C;26;2;2;4;4;2;6;4900000;680
636;Dustin Jeffrey;Canucks;PIT, DAL;C;34;2;2;4;4;2;6;600000;681
637;Eric Boulton;Islanders;NYI;L;23;2;2;4;4;2;6;650000;682
653;Stephane Veilleux;0;MIN;L;34;3;0;3;6;0;6;0;683
654;Jordan Szwarz;Coyotes;PHX;R;26;3;0;3;6;0;6;630000;684
655;Cam Janssen;Devils;NJD;R;24;3;0;3;6;0;6;575000;685
672;Matt Carkner;Islanders;NYI;D;53;0;3;3;0;6;6;1500000;686
673;Shane O'Brien;0;CGY;D;45;0;3;3;0;6;6;0;687
674;Radek Martinek;Islanders;NYI;D;13;0;3;3;0;6;6;0;688
677;Patrick Wey;Capitals;WSH;D;9;0;3;3;0;6;6;640000;689
678;Chad Billins;Flames;CGY;D;10;0;3;3;0;6;6;0;690
687;Taylor Fedun;Sharks;EDM;D;4;2;0;2;6;0;6;575000;691
688;Alex Grant;Senators;ANA;D;2;2;0;2;6;0;6;700000;692
629;Linden Vey;Canucks;LAK;R;18;0;5;5;0;5;5;735000;693
642;Colton Sissons;Predators;NSH;C;17;1;3;4;2;3;5;635000;694
643;Michael Latta;Capitals;WSH;C;17;1;3;4;2;3;5;575000;695
644;Zach Boychuk;Hurricanes;CAR;L;11;1;3;4;2;3;5;600000;696
657;Mikhail Grigorenko;0;BUF;C;18;2;1;3;4;1;5;0;697
658;Casey Wellman;Capitals;WSH;C;13;2;1;3;4;1;5;550000;698
659;Markus Granlund;Flames;CGY;C;7;2;1;3;4;1;5;767500;699
689;Mark Fraser;Oilers;TOR, EDM;D;42;1;1;2;3;2;5;0;700
691;Alexander Urbom;Devils;WSH;D;20;1;1;2;3;2;5;0;701
693;Matt Gilroy;0;FLA;D;16;1;1;2;3;2;5;0;702
696;Matt Dumba;0;MIN;D;13;1;1;2;3;2;5;0;703
697;Julien Brouillette;0;WSH;D;10;1;1;2;3;2;5;0;704
702;David Warsofsky;Bruins;BOS;D;6;1;1;2;3;2;5;600000;705
647;Johan Larsson;Sabres;BUF;L;28;0;4;4;0;4;4;763333;706
649;Krys Barch;0;FLA;R;55;0;4;4;0;4;4;0;707
650;Rickard Rakell;Ducks;ANA;C;18;0;4;4;0;4;4;894167;708
660;Zenon Konopka;Sabres;MIN, BUF;C;59;1;2;3;2;2;4;0;709
662;Jordan Caron;Bruins;BOS;R;35;1;2;3;2;2;4;600000;710
665;Jacob Josefson;Devils;NJD;C;27;1;2;3;2;2;4;800000;711
666;Mikael Samuelsson;0;DET;R;26;1;2;3;2;2;4;0;712
668;Joakim Nordstrom;Blackhawks;CHI;C;16;1;2;3;2;2;4;616667;713
669;Jerry D'Amigo;Bluejackets;TOR;R;22;1;2;3;2;2;4;850500;714
671;Darren Archibald;Canucks;VAN;R;16;1;2;3;2;2;4;600000;715
680;Chuck Kobasew;0;PIT;R;33;2;0;2;4;0;4;0;716
681;Aaron Volpatti;Capitals;WSH;L;41;2;0;2;4;0;4;575000;717
682;Jean-Gabriel Pageau;0;OTT;C;28;2;0;2;4;0;4;0;718
683;Jay Rosehill;Flyers;PHI;L;34;2;0;2;4;0;4;675000;719
684;Blair Jones;Flyers;CGY;C;14;2;0;2;4;0;4;600000;720
685;Matt Fraser;Bruins;BOS;R;14;2;0;2;4;0;4;0;721
686;Harry Zolnierczyk;0;PIT;L;13;2;0;2;4;0;4;0;722
707;Douglas Murray;Canadiens;MTL;D;53;0;2;2;0;4;4;0;723
709;Alexander Sulzer;0;BUF;D;25;0;2;2;0;4;4;0;724
710;Jarred Tinordi;Canadiens;MTL;D;22;0;2;2;0;4;4;870000;725
711;Tyson Strachan;Sabres;WSH;D;18;0;2;2;0;4;4;650000;726
712;Colby Robak;Panthers;FLA;D;16;0;2;2;0;4;4;675000;727
714;Kevin Czuczman;Islanders;NYI;D;13;0;2;2;0;4;4;925000;728
715;Justin Falk;Wild;NYR;D;21;0;2;2;0;4;4;700000;729
716;Nathan Beaulieu;Canadiens;MTL;D;17;0;2;2;0;4;4;925000;730
724;Chris Breen;0;CGY;D;9;0;2;2;0;4;4;0;731
675;Carter Ashton;Mapleleafs;TOR;R;32;0;3;3;0;3;3;850500;732
676;Tim Sestito;Devils;NJD;L;16;0;3;3;0;3;3;562500;733
679;Patrice Cormier;Jets;WPG;C;9;0;3;3;0;3;3;625000;734
690;John McCarthy;Blues;SJS;L;36;1;1;2;2;1;3;600000;735
692;Jim Slater;Jets;WPG;C;27;1;1;2;2;1;3;1600000;736
694;Jared Boll;Bluejackets;CBJ;R;28;1;1;2;2;1;3;1700000;737
695;Dmitrij Jaskin;Blues;STL;R;18;1;1;2;2;1;3;772500;738
698;Matt Kassian;Senators;OTT;L;33;1;1;2;2;1;3;0;739
699;Brett Sutter;Wild;CAR;L;17;1;1;2;2;1;3;600000;740
700;Chris Brown;Capitals;PHX, WSH;C;12;1;1;2;2;1;3;853333;741
701;Philip Varone;0;BUF;C;9;1;1;2;2;1;3;0;742
703;Kenny Agostino;0;CGY;L;8;1;1;2;2;1;3;0;743
704;Josh Leivo;Mapleleafs;TOR;L;7;1;1;2;2;1;3;792500;744
705;Simon Moser;Predators;NSH;C;6;1;1;2;2;1;3;0;745
706;Justin Florek;Bruins;BOS;L;4;1;1;2;2;1;3;600000;746
732;Frank Corrado;Canucks;VAN;D;15;1;0;1;3;0;3;591111;747
733;Mark Borowiecki;Senators;OTT;D;13;1;0;1;3;0;3;575000;748
739;Nikita Zadorov;Sabres;BUF;D;7;1;0;1;3;0;3;894167;749
745;Adam Almquist;Redwings;DET;D;2;1;0;1;3;0;3;0;750
750;Stefan Elliott;Avalanche;COL;D;1;1;0;1;3;0;3;850500;751
708;James Wright;Jets;WPG;C;59;0;2;2;0;2;2;0;752
713;Colin Fraser;Kings;LAK;C;33;0;2;2;0;2;2;0;753
717;Derek Grant;Senators;OTT;C;20;0;2;2;0;2;2;700000;754
718;Linus Omark;0;EDM, BUF;L;14;0;2;2;0;2;2;0;755
719;Cory Emmerton;0;DET;C;18;0;2;2;0;2;2;0;756
720;Adam Cracknell;Kings;STL;R;19;0;2;2;0;2;2;600000;757
721;Chris Terry;Hurricanes;CAR;L;10;0;2;2;0;2;2;600000;758
722;Rostislav Olesz;0;NJD;L;10;0;2;2;0;2;2;0;759
723;Max Reinhart;Flames;CGY;C;8;0;2;2;0;2;2;618333;760
725;Ben Hanowski;Flames;CGY;R;11;0;2;2;0;2;2;850500;761
726;Andy Miele;Redwings;PHX;C;7;0;2;2;0;2;2;600000;762
727;Steven Pinizzotto;0;EDM;R;6;0;2;2;0;2;2;0;763
728;Lane MacDermid;0;DAL, CGY;L;7;0;2;2;0;2;2;0;764
729;John Scott;Sharks;BUF;L;56;1;0;1;2;0;2;700000;765
730;Nicolas Deslauriers;0;BUF;L;17;1;0;1;2;0;2;0;766
731;Mike Halmo;Islanders;NYI;L;20;1;0;1;2;0;2;864167;767
734;Luke Adam;Sabres;BUF;C;12;1;0;1;2;0;2;650000;768
735;Mattias Tedenby;Devils;NJD;R;15;1;0;1;2;0;2;0;769
736;Brett Connolly;Lightning;TBL;R;11;1;0;1;2;0;2;850500;770
737;Jeremy Welsh;Blues;VAN;C;19;1;0;1;2;0;2;550000;771
738;John Persson;Islanders;NYI;L;10;1;0;1;2;0;2;626667;772
740;Eriah Hayes;Sharks;SJS;R;15;1;0;1;2;0;2;655000;773
741;Tyler Pitlick;Oilers;EDM;R;10;1;0;1;2;0;2;725000;774
742;Corban Knight;Flames;CGY;C;7;1;0;1;2;0;2;900000;775
743;Kellan Lain;Canucks;VAN;C;9;1;0;1;2;0;2;600000;776
744;John Albert;Jets;WPG;C;9;1;0;1;2;0;2;585000;777
746;Roman Horak;Oilers;CGY, EDM;C;3;1;0;1;2;0;2;0;778
747;Carl Klingberg;Jets;WPG;L;3;1;0;1;2;0;2;650000;779
748;Matt Pelech;Sharks;SJS;R;6;1;0;1;2;0;2;0;780
749;Matt Carey;Blackhawks;CHI;L;2;1;0;1;2;0;2;925000;781
751;Johnny Gaudreau;Flames;CGY;L;1;1;0;1;2;0;2;925000;782
752;Chad Ruhwedel;Sabres;BUF;D;21;0;1;1;0;2;2;650000;783
754;Aaron Rome;0;DAL;D;25;0;1;1;0;2;2;0;784
755;Jack Hillen;Capitals;WSH;D;13;0;1;1;0;2;2;700000;785
756;David Rundblad;Blackhawks;PHX, CHI;D;17;0;1;1;0;2;2;785000;786
758;Jonathon Blum;Wild;MIN;D;15;0;1;1;0;2;2;675000;787
760;Keith Aulie;Oilers;TBL;D;15;0;1;1;0;2;2;800000;788
764;Derek Smith;0;CGY;D;14;0;1;1;0;2;2;0;789
766;Brian Dumoulin;Penguins;PIT;D;6;0;1;1;0;2;2;831667;790
767;Jake McCabe;Sabres;BUF;D;7;0;1;1;0;2;2;925000;791
770;Denis Grebeshkov;0;EDM;D;7;0;1;1;0;2;2;0;792
772;Alex Petrovic;Panthers;FLA;D;7;0;1;1;0;2;2;795000;793
779;Dmitry Korobov;Lightning;TBL;D;3;0;1;1;0;2;2;0;794
780;Nolan Yonkman;Ducks;ANA;D;2;0;1;1;0;2;2;0;795
785;Christian Folin;Wild;MIN;D;1;0;1;1;0;2;2;925000;796
786;Maxime Fortunus;0;DAL;D;1;0;1;1;0;2;2;0;797
753;Anton Lander;Oilers;EDM;C;27;0;1;1;0;1;1;600000;798
757;Chris Porter;Blues;STL;L;22;0;1;1;0;1;1;675000;799
759;Michael Chaput;Bluejackets;CBJ;C;17;0;1;1;0;1;1;706667;800
761;Kevin Porter;Redwings;BUF;C;12;0;1;1;0;1;1;600000;801
762;Chris VandeVelde;Flyers;PHI;C;18;0;1;1;0;1;1;575000;802
763;Ben Street;Avalanche;CGY;C;13;0;1;1;0;1;1;650000;803
765;Joey Crabb;Panthers;FLA;R;9;0;1;1;0;1;1;600000;804
768;George Parros;Canadiens;MTL;R;22;0;1;1;0;1;1;0;805
769;Andrew Ebbett;Penguins;PIT;C;9;0;1;1;0;1;1;550000;806
771;Johan Sundstrom;Islanders;NYI;C;11;0;1;1;0;1;1;770000;807
773;Mike Rupp;Wild;MIN;L;13;0;1;1;0;1;1;0;808
774;Jordin Tootoo;0;DET;R;11;0;1;1;0;1;1;0;809
775;Ben Eager;0;EDM;L;7;0;1;1;0;1;1;0;810
776;Sean Collins;Bluejackets;CBJ;C;6;0;1;1;0;1;1;620000;811
777;Travis Morin;Stars;DAL;C;4;0;1;1;0;1;1;550000;812
778;David Broll;Mapleleafs;TOR;L;5;0;1;1;0;1;1;590833;813
781;Cedric Paquette;Lightning;TBL;C;2;0;1;1;0;1;1;633333;814
782;Bobby Butler;Panthers;FLA;R;2;0;1;1;0;1;1;600000;815
783;Michael Zalewski;Canucks;VAN;L;2;0;1;1;0;1;1;925000;816
784;Kris Newbury;Capitals;PHI;C;4;0;1;1;0;1;1;550000;817
787;Jason Akeson;Flyers;PHI;R;1;0;1;1;0;1;1;575000;818
788;Colton Orr;Mapleleafs;TOR;R;54;0;0;0;0;0;0;925000;819
789;Zach Sill;Penguins;PIT;C;20;0;0;0;0;0;0;550000;820
790;Brayden McNabb;Kings;BUF;D;12;0;0;0;0;0;0;650000;821
791;Jerred Smithson;Mapleleafs;TOR;C;18;0;0;0;0;0;0;0;822
792;Adam Burish;Sharks;SJS;R;15;0;0;0;0;0;0;1850000;823
793;Cameron Gaunce;Stars;DAL;D;9;0;0;0;0;0;0;650000;824
794;Jamie Oleksiak;Stars;DAL;D;7;0;0;0;0;0;0;894167;825
795;Jesper Fast;Rangers;NYR;R;11;0;0;0;0;0;0;805000;826
796;Mike Sislo;Devils;NJD;R;14;0;0;0;0;0;0;562500;827
797;Ryan Whitney;Panthers;FLA;D;7;0;0;0;0;0;0;0;828
798;Freddie Hamilton;Sharks;SJS;C;11;0;0;0;0;0;0;626667;829
799;Patrik Nemeth;Stars;DAL;D;8;0;0;0;0;0;0;763333;830
800;Frazer McLaren;Mapleleafs;TOR;L;27;0;0;0;0;0;0;700000;831
801;Mike Mottau;0;FLA;D;8;0;0;0;0;0;0;0;832
802;Matt Taormina;Bluejackets;TBL;D;7;0;0;0;0;0;0;0;833
803;Taylor Beck;Predators;NSH;L;7;0;0;0;0;0;0;0;834
804;Pierre-Cedric Labrie;0;TBL;L;13;0;0;0;0;0;0;0;835
805;Hal Gill;Flyers;PHI;D;6;0;0;0;0;0;0;0;836
806;Nick Johnson;0;BOS;R;9;0;0;0;0;0;0;0;837
807;Scott Mayfield;Islanders;NYI;D;5;0;0;0;0;0;0;925000;838
808;Chris Mueller;Rangers;DAL;C;9;0;0;0;0;0;0;600000;839
809;Louis Leblanc;Ducks;MTL;C;8;0;0;0;0;0;0;550000;840
810;Philip Samuelsson;0;PIT;D;5;0;0;0;0;0;0;0;841
811;Paul Carey;Avalanche;COL;C;12;0;0;0;0;0;0;715000;842
812;Andrew Alberts;Canucks;VAN;D;10;0;0;0;0;0;0;0;843
813;Brandon Gormley;Coyotes;PHX;D;5;0;0;0;0;0;0;840000;844
814;David Steckel;Ducks;ANA;C;6;0;0;0;0;0;0;0;845
815;Dana Tyrell;Bluejackets;TBL;C;7;0;0;0;0;0;0;655000;846
816;Xavier Ouellet;Redwings;DET;D;4;0;0;0;0;0;0;670000;847
817;Bryce Van Brabant;0;CGY;L;6;0;0;0;0;0;0;0;848
818;Brett Bulmer;Wild;MIN;R;5;0;0;0;0;0;0;780000;849
819;Cody Goloubef;Bluejackets;CBJ;D;5;0;0;0;0;0;0;625000;850
820;Arron Asham;Rangers;NYR;R;6;0;0;0;0;0;0;0;851
821;Conor Allen;Rangers;NYR;D;3;0;0;0;0;0;0;925000;852
822;Mark Cundari;Flames;CGY;D;4;0;0;0;0;0;0;660000;853
823;Mike Blunden;Lightning;MTL;R;7;0;0;0;0;0;0;600000;854
824;Teuvo Teravainen;Blackhawks;CHI;C;3;0;0;0;0;0;0;894167;855
825;Ryan Craig;Bluejackets;CBJ;C;6;0;0;0;0;0;0;600000;856
826;Patrick Kaleta;Sabres;BUF;R;5;0;0;0;0;0;0;1250000;857
827;Patrick Holland;Canadiens;MTL;R;5;0;0;0;0;0;0;640000;858
828;Andrew Campbell;Coyotes;LAK;D;3;0;0;0;0;0;0;550000;859
829;Vladislav Namestnikov;0;TBL;C;4;0;0;0;0;0;0;0;860
830;Brad Hunt;Oilers;EDM;D;3;0;0;0;0;0;0;550000;861
831;Yann Sauve;Canucks;VAN;D;3;0;0;0;0;0;0;0;862
832;Landon Ferraro;Redwings;DET;C;4;0;0;0;0;0;0;550000;863
833;Gilbert Brule;0;PHX;C;3;0;0;0;0;0;0;0;864
834;Lucas Lessio;Coyotes;PHX;L;3;0;0;0;0;0;0;830833;865
835;Garrett Wilson;Panthers;FLA;L;3;0;0;0;0;0;0;715000;866
836;Brad Mills;Blackhawks;CHI;C;3;0;0;0;0;0;0;0;867
837;Zach Trotman;Bruins;BOS;D;2;0;0;0;0;0;0;625000;868
838;Tim Erixon;Bluejackets;CBJ;D;2;0;0;0;0;0;0;600000;869
839;Brett Gallant;Islanders;NYI;L;4;0;0;0;0;0;0;605000;870
840;Brandon Mashinter;0;NYR;L;6;0;0;0;0;0;0;0;871
841;Ryan Stoa;0;WSH;C;3;0;0;0;0;0;0;0;872
842;Pascal Pelletier;0;VAN;L;3;0;0;0;0;0;0;0;873
843;Keith Aucoin;0;STL;C;2;0;0;0;0;0;0;0;874
844;Joe Piskula;Predators;NSH;D;2;0;0;0;0;0;0;550000;875
845;Matt Lindblad;Bruins;BOS;C;2;0;0;0;0;0;0;833750;876
846;Teemu Pulkkinen;Redwings;DET;L;3;0;0;0;0;0;0;698333;877
847;Ty Rattie;Blues;STL;R;2;0;0;0;0;0;0;772500;878
848;Nicolas Deschamps;0;WSH;C;3;0;0;0;0;0;0;0;879
849;Ryan Hamilton;Oilers;EDM;L;2;0;0;0;0;0;0;600000;880
850;Craig Cunningham;Bruins;BOS;R;2;0;0;0;0;0;0;600000;881
851;Aaron Palushaj;Hurricanes;CAR;R;2;0;0;0;0;0;0;0;882
852;Ryan Sproul;Redwings;DET;D;1;0;0;0;0;0;0;620000;883
853;Adam Payerl;Penguins;PIT;C;2;0;0;0;0;0;0;626667;884
854;Cameron Schilling;0;WSH;D;1;0;0;0;0;0;0;0;885
855;Matt Hunwick;Rangers;COL;D;1;0;0;0;0;0;0;600000;886
856;Jonathan Racine;Panthers;FLA;D;1;0;0;0;0;0;0;674167;887
857;Alexander Khokhlachev;0;BOS;C;1;0;0;0;0;0;0;0;888
858;Christian Thomas;Canadiens;MTL;L;2;0;0;0;0;0;0;808333;889
859;Dylan McIlrath;Rangers;NYR;D;2;0;0;0;0;0;0;703333;890
860;Brandon Yip;Coyotes;PHX;R;2;0;0;0;0;0;0;0;891
861;Gabriel Dumont;Canadiens;MTL;C;2;0;0;0;0;0;0;562500;892
862;Bill Arnold;Flames;CGY;C;1;0;0;0;0;0;0;887500;893
863;Alexey Marchenko;0;DET;D;1;0;0;0;0;0;0;0;894
864;Karl Stollery;Avalanche;COL;D;2;0;0;0;0;0;0;605000;895
865;Justin Johnson;Islanders;NYI;R;2;0;0;0;0;0;0;0;896
866;Petter Granberg;Mapleleafs;TOR;D;1;0;0;0;0;0;0;800000;897
867;Jamie Devane;Mapleleafs;TOR;L;2;0;0;0;0;0;0;575000;898
868;David Van Der Gulik;0;COL;L;2;0;0;0;0;0;0;0;899
869;Ben Chiarot;Jets;WPG;D;1;0;0;0;0;0;0;600000;900
870;Nick Drazenovic;0;PIT;C;1;0;0;0;0;0;0;0;901
871;Cody Kunyk;Lightning;TBL;R;1;0;0;0;0;0;0;874125;902
872;Martin St Pierre;0;MTL;C;1;0;0;0;0;0;0;0;903
873;Peter LeBlanc;0;WSH;C;1;0;0;0;0;0;0;0;904
874;Mitch Callahan;0;DET;R;1;0;0;0;0;0;0;0;905
875;Benn Ferriero;Blues;VAN;R;2;0;0;0;0;0;0;600000;906
876;Julian Melchiori;Jets;WPG;D;1;0;0;0;0;0;0;625000;907
877;Darroll Powe;0;NYR;C;1;0;0;0;0;0;0;0;908
878;Mark Van Guilder;Predators;NSH;C;1;0;0;0;0;0;0;550000;909
879;Carson McMillan;Wild;MIN;R;1;0;0;0;0;0;0;0;910
880;Joe Whitney;Devils;NJD;R;1;0;0;0;0;0;0;567500;911
881;Jake Dowell;0;MIN;C;1;0;0;0;0;0;0;0;912
882;Spencer Abbott;Mapleleafs;TOR;L;1;0;0;0;0;0;0;0;913
883;Pierre-Luc Letourneau-Leblond;0;PIT;R;1;0;0;0;0;0;0;0;914
884;Greg McKegg;Mapleleafs;TOR;C;1;0;0;0;0;0;0;660000;915
885;Cody Bass;Blackhawks;CBJ;C;1;0;0;0;0;0;0;550000;916
886;Joonas Nattinen;Canadiens;MTL;C;1;0;0;0;0;0;0;0;917
